rating,date,review
8,2019.05.30. 15:11,나 또한 누군가의 사람 사는 냄새에 얼굴 찌푸리진 않았었나..
10,2019.05.30. 21:57,"누군가는 집을 잃고 모든 재산을 잃는 어마어마한 홍수가,누구에게는 그저 그 다음날 미세먼지가 없게 해주는, 집의 정원을 운치있게 만들어주는 장치일 뿐.."
10,2019.05.30. 10:52,"시나리오, 연출, 배우 모두 좋았다.소름끼치게..."
10,2019.05.30. 10:59,자조적인 웃음과 눈물이 난다. 영화가 끝나고도 이어지는 씁쓸한 뒷맛..
10,2019.05.30. 22:55,인터폰에 이정은이 등장한 순간부터 장르가 바뀐다
10,2019.05.31. 07:22,"특별히 미워하고 증오할만한 '악인'이 한명도 없기에 더욱 답답하고 우울했던 영화, 세상의 불평등 자체가 인간의 본성에 의한 숙명이라고 말하는것 같았기에..."
10,2019.05.30. 17:16,말이 필요없는 영화 모두 꼭 한번쯤은 봐야할법한 영화입니다. 그리고 조여정이 개인적으로 크게 한껀 한것같습니다
10,2019.05.30. 18:08,금방 보고 나왔는데...봉준호감독 영화인데 왜 박찬욱감독 영화를 본 느낌이지.어쨌든 최고다. 봉드로 역시 천재!!이정은님 연기상 줘야한다 진짜
10,2019.05.30. 12:47,충격과 공포 절대 스포당하지 마세요.
10,2019.05.31. 01:56,영화가 끝나고 집으로 돌아왔다. 지하철을 타고.
10,2019.06.01. 02:46,"다수의 관객들이 '나는 박사장의 계층도, 기택의 반지하 계층에도 들지는 않는다'고 안도할 수 있을까요? 우리는 모두 나보다 낮은 계층의 사람들을 향해 냄새가 난다고 속으로 깔보는 두 얼굴을 가진 건 아닐까요? ... 영화 정말 훌륭합니다."
10,2019.05.30. 17:21,노플랜 노계획 우리인생은 계획대로 안된다는 말이 와닿았습니다
9,2019.05.30. 12:03,인정하기 싫지만 현대의 계급 사회를 조명.
10,2019.06.01. 17:44,가진 자들은 가지지 못한 자들에 대해 예의라는 거리 두기. 실은 경멸과 두려움. 가지지 못한 자들은 가진 자들에 대한 존경이라는 다가가기. 실은 비아냥과 질투. 계층간의 불쾌한 술래잡기.
10,2019.05.31. 01:54,"마지막 기우의 ""아버지, 전 계획을 세웠습니다.""하는 대사가 오래도록여운에 남을 것 같습니다. 계획 없이 사는 아버지와 식구들. 그 속에서 나름대로 나은 미래를 계획하는 기우. 시대의 초상을 적나라하고도 세련되게 담아주신 역작. 감사히 잘 보았습니다."
9,2019.05.30. 12:02,보는 내내 제목을 너무 잘 지었다는 생각이 들었다. 좋았던 영화
8,2019.05.30. 22:52,근데이게왜15세?ㄷㄷ19걸어야됨
10,2019.05.30. 11:50,조조관람 후 내내 가슴이 아프네요 우리의 현실 ...너무 어려운 질문을 던져주신 봉 감독님
10,2019.05.30. 23:35,누구나 기분나쁜영화.
8,2019.05.30. 23:27,영화 보고 나서 내가 기생충인가 생각했음. 재미보다는 씁쓸한 기분
10,2019.05.30. 13:53,그럼에도 계획을 세우게 만드는 영화
6,2019.05.31. 01:05,"영화제는 충격을 좋아하는 것 같다. 재밌고 신선하긴 한데 설국열차 못지않게 가슴을 많이 짓누른다. 빈부격차에 대한 표현이 너무 우울하고, 극단적이라 불편했다."
1,2019.07.15. 10:27,"이게 계급사회의 현실을 반영한 영화라고? 충분히 일 할 수 있는 상황에서 무력하게 걱정만 하고 지내다 사기와 술수로 편안하게 한몫 챙기고자 한, 그리고 결국은 아무 잘못 없는 한 가정을 파괴해버린 이 가정의 모습으로 하층민의 모습이 대변될 수 있나?"
10,2019.05.30. 11:13,뭔가 처음보는 선물 상자에서 생각지도 못한 멋진 물건들이 계속계속 짜잔 짜잔 하면서 나오는 느낌이랄까?그냥 미쳤다라는 말밖에 안나온다.꼭 보세요.미쳤다 진짜 와..
10,2019.05.30. 11:50,정말 충격적인 영화.... 정말 장르가 봉준호라는 말이 딱이다
10,2019.05.30. 16:20,오묘한 영화... 19세 관람이여야할듯
10,2019.05.30. 14:12,왜 상 받았는지 알 수 있는영화. 가볍게 오락성으로 볼만한 영화는 아닌듯합니다.
6,2019.06.02. 09:10,등급조정 진짜 필요해보임
10,2019.05.31. 18:53,똥구정물이 역류하는 변기 뚜껑 위로 눌러 앉아 담배를 찾아 피우는 박소담의 표정이 내내 잊혀지지 않음
2,2019.06.04. 21:32,야한장면과 잔인한 장면이 많은데 어째서 19금이 아닌건가요?? 15금이란 사실에 놀랐습니다
9,2019.05.30. 17:20,왜 칸느가 손을 들어줬는지 충분히 이해가 되는 영화. 작년 <어느가족> 보다 춸씬 메시지와 퀄리티 연출력이 출중하다. 봉준호 감독만이 펼칠수 있는 봉준호 감독만의 스타일이라 할수 있음. 반전도 좋고 특히 여운이 오래 남아서 가슴이 먹먹하다. 코믹굿
8,2019.06.06. 21:28,"등급조정이 필요합니다.15세에게 마약, 욕, 약간의 19금, 흉기 넘 자극적입니다"
8,2019.06.06. 22:16,딸과 같이 봤는데 뇌를 씻고 싶다는 충격적인 이야기에 할 말을 잃었다. 청소년 관람가는 조정이 필요할 듯 보인다.
10,2019.06.15. 14:14,피자박스 접을 때가 행복했다.
1,2019.06.05. 19:08,"등급조정이 필요할듯, 말로 형용할 수 없는 불쾌함이 남는 영화"
6,2019.07.01. 03:39,봉준호의 선민의식이 잔뜩 들어간 영화. 조부그리고 부모까지 대대로 금수저 감독이 가난을 우아하게 희화하며 조롱한 영화.
2,2019.06.09. 17:21,"그냥 가난한 사람들이 범죄 저지른 영화인데, 빈부격차니 뭐니 잘 이해하기 힘들었다. 장면 하나하나 서로 결부시켜 이해하려했는데,..그냥 영화를 보는 내내 불쾌함이라던가 슬픔이라던가 신기하게도 하나도 느껴지지않았다. 그냥 이상했다"
10,2022.06.03. 23:23,부모님이랑 같이 보기 힘들었다
2,2019.06.06. 19:32,보고나서 기뷴이 안좋다 꼭 가난을 그렇게. 표현해야 했을까
2,2019.06.02. 17:33,노력하지 않고 남을 속이려는 사람들이 가난한 사람들로 그려져서 싫었다. 실제로는 부자들이 더 그런것 같은데 말이다. 가난해도 열심히 노력하며 행복하게 사는 사람들이 더 많다. 그런 사람들이 영화의 주인공이어야지. 그런 의미에서 돈주고 보기 아까웠다.
8,2019.05.31. 22:56,이건 19세다. 아들과봤음 클날뻔
7,2019.06.19. 14:23,냄새난다는 말은 때때로 가난하다는 말보다 더 큰 분노를 일으킨다.
10,2019.05.30. 19:47,한치의 희망도 없는 영화가 내 현실로 녹아들다
1,2019.06.07. 12:57,계급에대한 불편함이 아니라 민폐가족 보기 짜증나서 뛰쳐나가고 싶었음 절대 절대 두번은 보기 싫은 영화
10,2020.03.12. 11:40,티피컬하게 부자인 사람이 악인이 아니라서 좋았다.
8,2019.05.30. 17:45,봉감독에게 박찬욱의 냄새가 난다.
2,2019.06.02. 16:22,기분나빠지는 영화... 우울해지는영화
10,2019.05.30. 18:34,이제껏 쌓아 왔던 봉준호 감독의 필모그래피가 폭발하는 영화
10,2020.10.03. 16:03,빈부격차에 대한 현실이 참 슬프네요
10,2020.03.04. 00:01,빈곤과 도시빈민의 맨얼굴.. 가난을 수중에 돈이 없는 상태로만 안다면 이해할 수 없을 것. 가난이란 더 나은 삶을 준비할 의지와 꿈이 박탈 된 상태
10,2019.10.04. 03:17,
1,2019.06.02. 00:41,별로였음 취향이아님 잔인하고 찝찝 불쾌
1,2019.06.02. 16:18,19세 걸어야될듯... 민망한 장면이 한 둘이 아님 기대 안하고 보길 잘했다
6,2019.06.23. 03:54,음. 상을 탈 만한 작품인가...?.
6,2019.06.04. 07:14,저는 별로엿습니다..
10,2021.05.11. 21:57,무슨 말이 필요한가요. 명작!
2,2019.06.17. 17:08,보고나니 기분나쁜영화같네요. 멀쩡한 부자 망치는..
1,2019.05.31. 17:27,기분 나쁘고 비현실적이고 쓸데없이 잔인함.
1,2019.06.02. 00:34,본 영화 중에 최악이다작위적으로 만든 빈자들의 삶..너무 인공적이여서 감정이입이 안되엇음
10,2019.05.30. 19:59,조조로 봤는데 하루종일 영화생각난다.
10,2019.05.30. 17:03,첨엔 웃다가 중간부터 긴장을 늦출수없었네.. 불편한 부분도 있었지만.. 보고나서도 계속 생각나고 생각하게 한다~ 엄청 대중적인 영화는 아님. 봉준호감독의 장기가 능수능란하게 펼쳐진다~ 댓글로 스포일러하지마시길
7,2019.06.05. 14:27,그냥 봉준호 영화. 칸에서 수상했다고 다 훌륭한 것은 아닐 수도...
1,2019.06.03. 14:49,보면볼수록 찝찝함이 남는영화
6,2019.06.11. 18:59,과유불급 은혜를 원수로 갚는다. 가난한 사람들 이미지만 더 안좋아지는 영화가 아닌지 ... 가난한 사람들 상종하기 싫어지는 ...
8,2020.03.23. 17:46,심장 쫄깃해서 죽는줄...
2,2019.06.02. 18:32,재미가 없다기 보다 기분나쁜 영화임. 가족끼리 연인과 함께보는거 비추천. 집에서 다운받아서 보셈..
2,2019.06.05. 14:43,15세 관람 등급에 놀람.
10,2020.08.23. 11:34,최고의 영화...예고편으로 아무것도 설명할수 없음.
3,2019.06.05. 14:33,이내용은 흐름ㆍ맥락상 19세이상 관람입니다~
1,2019.06.10. 19:10,영화의 분위기와 서사가 불쾌한 감정을 주는데 경이로운 불쾌함이 아닌 기억하고 싶지 않은 향기다. 돈을 주고 이런 감정을 사게 되어 후회스럽다.
8,2019.06.08. 05:29,이렇게 기분을 더럽게 하는 영화가 있는가?
8,2019.05.30. 20:17,15세 보다는 수위가 좀 ㅎㅎ 보면서 긴장도 되고 재밌어요~
10,2019.05.30. 16:45,보고있는데 재밌지만 마음 한 구석이 답답했다
10,2019.05.30. 12:26,지극히 우리나라 내용을 담아내면서도 보여주는 급이다른 월클감독의 작품
2,2019.06.11. 22:17,보고나와서 감정이 불안해지고 안좋습니다. 기분 더럽네요 어두운 이야기 끝까지 답없게 만듦어린아이들이 안봤으면 좋겠어요그냥 현실의 잔인함 만 나왔어요따뜻함은 없네요.영화 감상후 인생에 희망을 못 느끼게 만듭니다. 배우들 연기력은 좋았어요.
6,2019.05.30. 20:25,볼만은 했는데 기대이상은 아니었어요
7,2019.06.05. 14:06,빈곤과 가난한 사람들의 삶속에 살아가기위해 범죄가 수반되어야하는것이 아니고 정당화 될수조차없다.그런 사람들은 기생충으로 표현한것에 대해 기분이 좋은 영화는 아니다.내가 과연 반지하 삶속의 가족이라면 주인공 가족들과 같은 선택을 했을까?
1,2019.06.04. 01:48,개인적으로 비추입니다.... 등급조정이 필요할것같아요....
1,2019.06.16. 17:06,극과 극의 상황만 몰두한 봉준호표 또라이 영화중 하나
10,2019.06.01. 13:02,너무 잔인해요... 19세로 올려야 할것같아요....
9,2020.02.19. 01:21,없는 사람들의 처절함. 가진 사람들의 악의 없음.
3,2019.06.17. 17:53,기대이하였고 마케팅에 속아서 봤다. 감독의 의도가 곳곳에 보였고 보는 내내 불편했다
2,2019.06.06. 12:37,"블랙코미디의 한계다. 나는 양극화가 벌어지는 지점에서 충분히 고민하고 또 고민했다는 흔적이 없고, 이것 봐라? 너희도 그렇지? 내 말 뭔지 알지? 다 그렇잖아? 하고 끝나는 영화."
2,2019.06.05. 23:48,"의도하는바가 대체뭘까? 돈, 시간이 아까웠다"
7,2019.05.31. 14:53,가족이랑은 보지마세요
10,2019.06.01. 16:32,롯데시네마신림 2019.6.1. 12시35분. I열 9번커플중 여성분 영화 상영 내내 중계해주신 덕분에 놓친 대사도 많고 집중해서 관람하기 힘들었네요. 도대체 무슨 정신인가요.집에서 혼자 드라마 보십니까?잠깐을 안닥치시던데 진짜 돌아버릴뻔 했네요
8,2020.06.02. 02:37,돋보기로 현실을 들여다보는 데 점점 타들어가다 결국엔 불까지 난다
1,2019.06.08. 17:53,불쾌감만을 주는 영화다
9,2020.03.05. 02:54,왠지 모를 불쾌함이
9,2019.10.23. 01:00,가난혐오를 담은 듯..
10,2019.06.10. 16:57,ㅋㅋㅋㅋ박서준이 사람잘못봤네
1,2019.06.09. 12:31,별로였습니다 정말 재미도 없고 뜻도 없고
1,2019.06.04. 07:05,"영화보다 나가는 사람들 .. 나 역시 끝까지 왜 봤나 싶은 영화.평점 , 리뷰만 보고 선택한 영화는 시간낭비 , 에너지 낭비라는 걸 새삼 깨닫게 되는 영화.현실이 힘들 때 영화에서 행복을 찾는 나 같은사람에게는 아픈 곳 더 아프게 하는 영화."
1,2019.06.02. 16:31,이게 황금종려상이라고..? 만이천원도 아깝던데...
10,2020.03.09. 16:50,반지하 냄새. 벗어난지 오래되었지만 아직도 알것같다
2,2019.06.02. 00:39,관람객. 평에 속았네요. 황금종려상은 어떻게 받은건지 의문임. 배우들 연기력도 막 대단하지도 않은것같고 거품 이빠이꼇네요
2,2019.06.03. 10:49,등급조정이 매우 시급합니다. 잔인한거 못보는 사람으로서 갔다가 기분만 찝찝하게 돌아왓네요.
4,2019.06.04. 16:15,영화 보면서 불쾌하긴 처음이었네요 이거 왜 15세 인지 모르겠네여 진짜 청불 달아도 모자를 듯
1,2019.06.08. 09:19,진짜 아닌등...ㅜㅜ
7,2019.05.31. 16:20,소재는 좋으나 일반인 관객이 보기엔 다소 불편한 장면들이 있을수 있습니다.
1,2019.06.04. 12:02,계층간을 대비시켜 보여주면서 뭘 어쩌라는 건지 재미없고 답답한 영화. 어디가 빵터지나..
6,2019.06.14. 21:56,기대보다 별로엿음 공감이 안가고 억지스러움
10,2020.03.27. 12:32,첨부터 끝까지 긴장의 끈을 놓지 않고 몰입감있게 볼수 있었네요. 조여정님 너무 이뻣고 송강호씨 연기는 이미 검증됐던바 외 모든 주 조연 배우들의 멋진 연기 좋았어요 이런 스토리를 만든 봉감독님도 대단한 스토리텔러임에 분명합니다.
8,2020.05.16. 22:23,
1,2019.06.27. 23:42,난노잼 이였음 범죄자가 범죄자를 키우는
10,2019.06.15. 16:03,"간간히 웃으면서 봤지만 영화가 계속 될수록 마음이 무거워졌다. 반지하, 지하로 표현된 자본주의 사회 계급안에서 누구에게나 공평한 줄 알았던 자연인 햇볕,비조차도 공평하지 않아서.."
6,2019.06.02. 20:18,찝찝함이 계속 머무는 영화
10,2020.03.06. 20:58,공포영화보다 무서운 영화
10,2020.03.12. 12:11,올라가는 존재와 내려갈 수밖에 없는 존재가 있다
4,2019.06.05. 20:52,"내 스타일은 아님.. 딱히 문학적인 소재를 원한 것도 아니었고, 그 마저도 내가 추구하는 문학적인 영역도 아니고.. 메세지를 주려는 건 알겠으나.. 굳이..?"
10,2021.04.11. 18:58,
10,2019.06.02. 17:07,계단을 내려가고 하염없이 내려가고 더 내려가야 그들의 집에 갈수 있다
8,2020.03.06. 20:31,이 영화가 어떻게 15세 관람가 판정을 받은 걸까요..그걸 떠나서는 인상적이었고 잘 봤습니다.. 저는 충격이 커서 다시 재미로 보긴 어려울 것 같아요. 왜 상을 받고 사람들이 열광하는지는 알겠어요.
2,2019.06.12. 16:19,이 영화가 왜 19금이 아닌지 보는 내내 불편했다. 영화관 앞좌석에 초등생 남매가 나와 같은 장면을 보고있고...
1,2019.05.30. 16:28,불쾌하다. 냉소적인 시선을 갖게 하는 영화. 세상 쓰잘데기 없는 시선을 모두에게 선사하는 영화.
8,2019.06.03. 22:02,"몇몇 장면때문이 아니라, 영화에 흐르는 현실감 때문에 15세가 넘어도 살짝 감당 하기 어려운 영화"
10,2020.03.19. 15:47,모든것이 완벽한영화였습니다
2,2019.06.02. 22:09,"가족들이랑 봤는데,,,상당히 불쾌했다이걸 15세등급이라,,,헐~~민망한 장면을 그렇게 자세히 묘사할 필요가 있을까??그리고,,돌로 머리를 내려 찍는 십원짜리 욕이 다나왔다!!!!과연 학생들이 보고난뒤 뭐가 생각이날까??"
1,2019.06.05. 11:57,뭥미다진짜ㅡㅡ 난영화평론가가아니니까
9,2019.06.03. 23:57,"보고나면 하루종일 기분이 우울하고 생각이 많아지니 아침 말고 하루 끝에 보세요.,"
8,2019.06.13. 20:26,쫌 먼가 기분이 불쾌했어용ㅜㅜㅜ
8,2019.06.05. 16:22,기대하고 갔는데 나올땐 뭔가 무겁고 찝찝함이 느껴지는 영화였다...
10,2020.02.01. 12:45,
6,2019.06.04. 21:26,지루하지는 않은데..그렇게 재밌지도 않았어요ㅡㅡ
2,2019.07.13. 19:53,불쾌하고 짜증납니다 ㅠㅠ
1,2019.06.03. 23:04,주제 의식은 알겠는데 ㅋㅋㅋ....네.... 이정은 배우님이 다 하심...
7,2019.06.12. 11:20,대세에 따라 봐야할 것 같아 숙제처럼 봤다. 몰입해서 끝까지 볼 수 있었지만.. 마지막 여운이 개운하지 않고 기분도 좋지 않음.
6,2019.06.09. 15:56,개인적인 느낌으론 초반 1시간은 그냥저냥 보는데후반 1시간은 왠지모르게 보는 내내 불편했습니다..뭔지는 모르지만 불편하고 불쾌하기도 하고..강렬한 여운은 있지만 저에게는 안맞는 영화네요..
7,2019.06.09. 16:11,글쎄 상받을 만한 작품인지는 모르겠네요 관점은 독특하지만 배우들 연기력도 평범했고 기억에 오래 남을 명작.. 이런거는 거리가 멀고.. 너무 기대했나 보네요
9,2020.05.06. 23:57,"지금껏 본 영화 제목 중에 가장 함춤적, 획기적으로 잘 표현한 영화 제목 ""기생충""이란 이 제목 하나로 모든 게 정리되고 바쁜 일상으로 이리 치이고 저리 치여서 세뇌되듯 열심히 살기만 했는데영화 ""기생충""을 관람하고 난 뒤 잊고 있었던 이 시대 또는 이 사회의 문제점 절실하게 다시 일깨워 주웠다."
6,2019.06.26. 15:22,왜 내 돈 주고 스트레스를 받아야 할까.. 보고나서 씁쓸하고 비참해지는 것
4,2019.06.11. 15:14,난진짜너무재미없엇다
10,2020.03.12. 12:55,재밌었어요.많은 생각을 하게 하는 영화.
8,2019.06.04. 00:22,"생각하면서 살지 않으면, 사는대로 생각하게 된다."
1,2019.06.14. 09:09,기대했는데 완전 실망. 개연성이 상당히 떨어지고 우연에 기대 극을 전개. 지루했는데 옆에 있던 아저씨는 푹 주무셨음
10,2019.05.31. 22:27,영화가끝나고 깊은탄식이....한참을 일어날수없었어요
10,2019.05.31. 08:38,다른 어떤배우보다가정부 이정은씨 연기가 최고인듯
10,2019.06.10. 17:39,으잉?!했던. 지하에 사시는 아저씨가 너무 무서워요.
8,2020.02.14. 13:41,"다들 연기력으론 비교할 수 없지만, 이 기묘하고 찝찝한 감정을 불러일으키는 것의 8할은 이정은 배우 덕분이라고 생각함. 그전까진 어찌보면 무던하면서 약간의 유머가 있는 전개였는데, 비 오는 날 밤 인터폰을 누르면서부터 시작된 그 느낌은.... 정말 대단하다"
6,2019.06.04. 23:35,봉준호 감독 영화들의 결말들이 너무 싫다. 영화 자체로서는 재밌거나 작품성이 있을진 몰라도 기택의 입장으로 살아가는 사람ㅇㅔ게는 무정한 현실에 안주하고 살라는 의미처럼 느껴진다. 슬프고 좌절감이 느껴저서 이제 그의 영화는 안보고싶어졌다.
6,2019.06.13. 07:31,생각보다고는별로였습니다
4,2019.06.03. 16:41,기대치 이하여서 실망하였음
9,2020.05.20. 10:13,"상상 같은 현실, 현실 같은 상상"
1,2019.06.08. 09:53,기대이하기대이하기대이하기대이하기대이하기대이하
8,2025.02.10. 15:08,몇년 지나 다시 보니까 감상이 또 다르다. 첫인상은 재밌는 오락영화였는데… 이번엔 눈물이 났다. 살면서 자꾸만 벽을 느낀다. 생일 번개로 갑자기 모였는데도 하나같이 엄청 쿨하고 멋있고 자연스러운 사람들. 나 여기 어울려? 묻는 기우에게 해맑게 끄덕이는 다혜. 어떤 종류의 해맑음이나 순수함 같은 건 정말이지 특권이다. 세상의 냄새나고 더러운 굴곡들을 몰라도 되는 해맑음.. 영원히 몰라도 된다. 영원히 알지 못할 거다. 그런 특권이 사람을 구김없고 순수하게 만든다. 반대로 가난한 사람은 자꾸만 음침해진다. 그러고 싶지 않아도 그렇게 된다. 그늘이 지는 걸 도저히 피할 수가 없다. 등 따시게 예술하는 돈 많은 영화감독이 이런 그늘까지 어떻게 알고 다뤄주는지 고맙다고 해야할까… 봉사장님 리스펙!!!!을 외쳐야 할까. 살아가면서 자꾸 벽을 느낀다. 나는 인간으로 태어났을까 벌레로 태어났을까. 드리워진 그늘이 너무 짙다. 내 얼굴을 보는 사람들에게 이 그늘이 티가 나지 않았으면 좋겠는데.. 아닌 척 해도 소용이 없는 기분이 든다. 이 영화를 보고 눈물 흘리는 사람이다 난. 내 출발선이 여기인 걸 어찌할 수가 없다. 벌레로 태어나면 벌레로 죽는 거다. 영화가 주는 메세지가 그렇다. 자기연민을 거두고 더 노력하라고 내탓을 해야겠지. 노력 그리고 노력 노력 ..
6,2019.06.06. 20:32,기분나쁜 영화 인듯하네요
10,2019.07.01. 02:13,다시 보고 싶지만 다시 보고 싶지 않은 영화
8,2019.06.16. 12:13,물과 기름처럼 섞일 수 없는 신분의 차이..
10,2022.07.17. 01:59,명작! 재미있게 봤습니더
8,2019.05.31. 00:12,해외수상작이라 평범하지않은 줄거리일꺼라곤 예상했지만 미성년자딸이랑 보기엔곤란함
9,2019.06.02. 20:02,내가 돌들고 뛰어다닌것같이 피곤하다.
9,2019.06.07. 16:03,기분나쁜영화라는 말이 이해가 간다. 재미있는데도 극장을 뛰쳐나가고 싶은 기분이었다.
10,2020.03.15. 15:40,구성.표현.스토리.연출.영상.OST...모두 완..벽
4,2019.06.12. 20:08,저하고는 잘안맞았던 영화같아요ㅠ 좀 잔인했어요ㅠ
9,2019.06.01. 00:25,"면접을 보고 와서 결과를 기다리는 20대 중반, “나좀 붙혀줘요 뭐든 다할게요” 라는 마음을 가지고 기분 전환할 겸 영화를 보았다. 영화가 너무 잔인했다. 나는 이렇게 살아야 하는 것인가?"
6,2020.01.05. 19:13,그저 그랬다.
8,2019.06.07. 17:50,가정부역 맡은 이정은배우님의 연기가 기억에 남네요.다시한번 그 장면들 보고싶어요.관람등급은 청소년불가로 해야할거 같네요.
10,2019.06.21. 23:32,칸 수상작은 지루하다는 고정관념을 깨버린 작품
10,2019.06.19. 17:35,자꾸자꾸 생각나는 영화 가난을 냄새로 구분지어버리는 감독의 감각
7,2019.05.31. 19:46,19금 영화입니다 ^^
9,2020.02.20. 12:14,재밌는것 같은데 슬프기도 하고 무섭기도 하고 남의 이야기같은데 내 이야기더라는.
6,2019.06.07. 11:27,황금종려상 받을 정도는 아니고 그냥 한번 볼만한 한국영화
2,2019.06.07. 00:50,"궁금해서 보긴했지만, 일부러 시간 내서 가서 볼 정도는 아니네요. 40분 지나니 지겨워서 언제 끝나나 했음."
1,2019.06.13. 16:26,여지껏 보다가 재미없어서 나온적은 처음
8,2022.02.05. 02:53,이정은 배우와 조여정 배우의 재발견
10,2019.06.27. 02:34,최근 본 너무 충격정인 영화 중간까지는 그냥 봤는데 초인종 이후부터는 보는 내내 쫄린다 + 영화는 19금이라 생각하시는편이 좋을듯
8,2019.06.02. 00:30,15세 영화라고 하기엔 전체적으로 수위가 너무 높지 않나 싶었다
10,2019.06.14. 17:54,까마득한 계단은 현실이야 ㅜㅜ
10,2019.06.08. 01:40,내 위치를 곱씹게 해보는 영화...너무 현실적이라 더 소름돋는다
10,2019.05.31. 06:32,영화를 보는내내 나도 냄새가 나는지 궁금 했다.
10,2024.06.19. 09:20,다시 들을 수 있을까요. 사장님 목소리요
8,2019.07.17. 22:39,봉준호 버프빼고..펑점4점!
4,2019.06.08. 17:22,먼가아쉬운 영화 호불호잇을듯
6,2019.06.11. 16:18,19세 관람가로 변경해야할듯..
8,2019.06.09. 15:46,보는 내내 초조함과 불쾌감이 들었어요.
10,2019.06.07. 16:31,다들 훌륭했지만 개인적으로 조여정 연기가 좋았음.웃으면서도 씁씁한 계속 생각나게 만드는 영화
8,2019.06.02. 20:17,조금 기대보다 약간 실망 스럽습니다
10,2019.06.01. 00:23,다들 재미있냐고 물어보던데이건 재미라는 단어와는 어울리지 않는 영화입니다.
10,2019.06.02. 07:24,"공감성 수치 있는 사람으로서 중간부터 보기 불편해고 웃을 수 없어진 영화. 그러나 동시에 재미있고 몰입하게 하는, 잘 만들어진 영화. 각 캐릭터마다 힘이 있는게 좋았고 지나치게 난해하지도 않아서. 황금 종려상으로 예술성 인정받고 상업성도 있는 영화인듯"
10,2020.03.06. 14:20,봉감독은 대체 어떠한 생각을 하고 사는걸까 생각하게한 신기한 작품
10,2019.06.02. 08:11,영화끝나고 멍때리게되는 영화
10,2019.05.31. 11:01,"아, 진짜..미치겠다..웃기고 쫄리고 슬프고 괴롭다"
6,2019.06.16. 08:18,영화는 기대를 하는 순간 망가진다
10,2019.06.03. 14:36,죽어가는 사람 앞에서도 악취에 찡그리는 그들을 보니 누가 기생충인지 모르겠다.
10,2019.05.31. 11:40,영화가 끝나자 마자 이영화는 한번 더 보고싶다는 생각이 들었다
10,2019.05.30. 15:35,"봉 감독님의 연출력과 스토리, 배우들의 연기가 잘 어우러진 영화! 칸영화제 수상은 진짜 새역사다! 우선 보고들 이야기 나눠야할듯!!"
6,2019.06.08. 13:37,15세 관람가라고 하기에는 잔인하다
6,2019.06.07. 23:12,나에겐 너무 어려운 영화..ㅎㅎ 등급은 19세로 해야할듯싶다
9,2019.06.01. 20:31,너무 현실적이라 보고나서 씁쓸함이 남는 영화. 코미디인지 공포영화인지 장르가 섞여있네요. 웃긴 장면도 크게 웃을 수는 없고 희극과 비극이 섞여 있어요.
10,2019.06.08. 22:27,영화제 수상한 영화는 어렵고 지루하다는 편견을 깼다
9,2019.07.17. 22:47,이건뭐..좋은 영환데 좋지가 않다.
10,2019.06.02. 10:19,영화를 보고 돌아가는 길에 1호선 냄새에 역정내던 내가 있었다
9,2019.05.30. 21:40,오랜만에 영화다운 영화를 보네.역시 황금종려상을 받은 이유가 괜히 있는게 아닌듯하다
10,2019.05.30. 16:35,보면서 많이 놀랐음. 신선한 영화
10,2019.06.03. 22:59,올해가장잘한일 : 기생충 스포당하기전에 본것
9,2019.06.14. 16:03,영화가 끝나고 어떤 분도 영화 얘기를 하지 않았습니다 그저 침묵할 뿐
10,2019.09.25. 08:27,끊임없이 계단을 내려가는 가족의 이미지
8,2019.06.02. 08:10,보는 내내 긴장감이 짓누른다. 상영이 끝나고 나니 머리가 아팠다. 클라이맥스로 치달아 갈 때까지 가슴을 조여왔다. 이젠 체력도 딸린다. 관람하는 동안에는 유쾌하고 즐겁고 뿌듯한 감동을 느끼고 싶다.
10,2019.06.01. 03:02,나 또한 냄새로 누군가를 구별하고 판단했다.계획과 무계획에 대하여 깊이 생각해본 하루였다.
10,2019.05.30. 12:32,감각이 느껴지지 않는 상징은 죽은 상징임을 잘 보여주는 영화
1,2019.06.19. 23:29,"영화가 어떤 부분을 관객에게 알려주고 싶어하는지도 잘 모르겠고, 부모님이랑 봤는데 너무 당황스러웠고, 잘 사는 가족이 잘못은 아니라고 봅니다. 가난한 집이 더 나쁜인간들 아닌가요?뽑아줬더니 배신하고, 죽이고, 잘사는데 그 사람들이 보태준거 없잖아요ㅎ"
10,2020.02.26. 06:27,선을 넘는걸 싫어하면서 정작 자신은 끊임없이 선을 넘는 사람들과 그것을 싫어할 자격조차 주어지지 않는 사람들
10,2024.04.05. 18:08,한국에서 이런 영화가 나올 수 있다는 것에 감사
10,2019.06.21. 09:31,재밌는데 왜이렇게 기분이 더럽지
10,2019.06.02. 23:09,일단 15세는 아닌것같다
8,2019.06.02. 20:03,15세가 보기엔 좀 난해합니다.
8,2019.06.02. 12:47,15세 동반 부모 입장 가능 영화는아닌것 같아요.
7,2019.06.02. 02:11,뭔가 찜찜한 영화이다;등급조정이 필요해보인다시계방향으로
9,2019.05.31. 21:22,스스로를 피해자의 위치에 한정시켜놓고 저항의 기제 없이 살아오도록 만드는 계급사회... 마지막 그 누구의 칼부림이 한편으로는 반갑게 느껴졌던 역설.
8,2019.06.03. 17:37,참신하긴한데 기대에는 좀못미치는듯
10,2019.06.03. 14:53,불편함이 이중으로 겹쳐져 있어 후유증이 깊다.
10,2019.06.02. 17:55,같은 창문인데 보이는 풍경이 너무나 다를 때의 비참함..
10,2020.02.18. 11:50,초반엔 씁슬하면서도 유쾌하다가 중반~후반으로 갈 수록 소름이 돋습니다... 사람이 무섭고 그런 사람을 만든 현실이 무섭네요.
10,2019.05.30. 18:20,절대 스포금지. 스포는 주지도 받지도 말자. 울다가웃다가..끔찍한 두시간이었어.
10,2019.06.01. 01:13,한눈한번 안팔고 집중해서 봤어요 최근본 영화중 단연 최고 나중에 한번더 봐야겠습니다 오래도록 기억에 남을것 같아요봉준호 감독님 축하드립니다
1,2019.06.06. 20:58,솔직히 재미없음 마약왕 이랑 동급
1,2019.06.02. 23:05,좌파 영화의 끝 현실이 싫다면 배급 타먹는 북한으로 짐싸서 가길 바란다
10,2019.06.19. 11:13,생각보다 잔인합니다.
8,2019.06.02. 12:13,볼땐 재밌게 봤는데 영화가 끝난순간 기분이 안좋아짐
10,2019.06.01. 20:21,19세미만 자녀와보고싶다면 따로보시는걸 추천!제가 보수적인건지...
10,2024.03.02. 11:37,빈부격차라는 무거운주제를 이렇게 블랙코미디로 풀어낸 능력이 대단하고 영화가 끝난뒤에도 길게 여운이 남는다
10,2019.06.18. 01:46,재미있었어요 근데 19세 걸어야 할 듯ㅋㅋㅋㅋ
6,2019.06.08. 15:39,씁쓸한 사회상을 보여주지만 보는내내 불편했던 건 사실이다 가족내용이지만 가족끼리 보기에는 좀...
9,2019.07.21. 16:46,"황금종려상을 받았다고 해서 많은 기대를 하였는데, 생각보다는 그다지 많은 감명을 받지는 못한 것 같다."
6,2019.06.11. 15:07,"기분이 찝찝함. 작품성과 미장센을 논외로, 많이 불편하고 기분이 더러움."
2,2019.06.06. 00:03,기대를 많이해서 그런가 찝찝한 영화로 남는다
10,2019.06.05. 02:30,충격적이긴 했지만 재밌었습니다.
10,2019.06.09. 17:50,나의 기준으로 이번년도 한국영화1위
2,2019.06.06. 21:45,엄마랑 아무것도 모르고 보러갔다가중간에 민망해졌음....절대..가족들이랑 보러가지 마...
10,2019.05.30. 22:46,출연 연기자들 연기 하나같이 후덜덜... 정상급 연기를 보는 것만으로도 눈이 호강했습니다.
6,2019.06.14. 01:34,기대이하였다 궅이 안넣어도 될 이상한 쇼파 애무 설정이나 무엇을 말할려고 하는지 잘 모르겠음
10,2019.05.31. 01:43,봉준호는 천재다 앞으로의 영화가 더욱더 기대된다 설국열차도 봐야겠다 재밌다 참신하다 대단하다 감독 Great movie
10,2020.04.22. 03:01,아주 재밌게 잘 봤네요^^
10,2025.02.07. 04:50,감히 나 따위가 평가할 영화가 아님
6,2019.06.16. 18:10,잼있다고 기대를 많이해서 그런지...기대보다는....흠..냥 볼만 합니다.
6,2019.06.15. 22:17,아쉬웠....찝찝...
6,2019.06.03. 15:05,자극적으로 극대화 시킨건 알겠지만 씁쓸한건 어쩔수없다
8,2019.05.31. 19:16,19금이 맞음. 한시간사십분 동안은 정말 재미있어요 그뒤는 취향에 따라 다름
9,2019.07.09. 19:29,"다 좋은데,,, 19금 감임"
8,2019.06.30. 23:36,나쁘지 않아요 그냥 한번 볼 만한 영화... 기대한 만큼은 아닙니다
6,2019.06.19. 16:51,무슨 말을 하고 싶은지는 알겠는데 뭔가 좀 찝찝한 느낌..
8,2019.06.09. 15:06,기대를 많이 했는지 특별하게 좋은 작품이란생각은 안들고 한번정도 재미로 볼만한것같습니다
10,2019.06.01. 03:16,와우 긴장감이 고조되며 뒷 내용이 어떻게 이어질까 알수없으며 극후반으로 가면서 고조되는 몰입감 미쳣네요 왜 기생충인지는 영화로 확인할수밖에 없을것같네요
8,2019.05.31. 02:41,사소한 장면인데 의미와 깊이가 있다.
10,2019.06.19. 09:12,박서준이잘못햇네.. 알바자리소개ㅋㅋㅋ너무분에넘치는걸꿈꾸게햇어
10,2019.06.14. 16:39,아주 불편한 영화. 아주 섬세한 영화.
10,2019.06.01. 01:12,"역대급의 몰입감과 메시지로 이끈다.동시대의 황금종려상 수상작을 자막없이, 극장에 걸린채, 온전히 우리말과 우리만의 현실에 비추어서 빠짐없이 이해하고 공감하면서 볼 수 있다 이작품이 천만이 넘어가지 않는다면 문제가 뭔지 되돌아볼 필요가 있다"
10,2020.02.20. 07:33,보고 나서 많은 것을 생각하게 하는 영화
2,2019.06.28. 08:30,정말 별로입니다 상받았다고 그냥 봤습니다
4,2019.06.25. 20:39,기대를 너무 해서 그런지...기대엔 못미쳤어요...
6,2019.06.17. 16:37,그냥 그런데 왜 재밌다고 하는지 잘 모르겠는 영화 ㅋㅋ
6,2019.06.16. 18:51,생가보다 지루해서 나오고 싶었음
6,2019.06.09. 01:39,"재밌다고 말하기도 애매하고 그렇다고 재미없다고 할수도 없는 그저그런 영화인듯 초반엔 확실히 생각보다재밌는 포인트가 많아서 웃기기도 하고 뭔가 착착 진행되는거 같아서 괜찮았는데 뒤로 갈수록 점점 보는게뭔가 불편해 지기 시작하더니 막장인거같아요,,"
4,2019.06.08. 14:35,조금 많이 지루했어요...
2,2019.06.02. 20:51,역겨운 영화였습니다..혐오감이 일어나고 정신적으로 받아들이는게 좀 힘드네요..
10,2020.04.26. 10:47,
10,2019.09.22. 04:21,영화제목처럼 보는내내 불편했지만 역으로 생각을하게 만드는 영화에요
10,2019.09.12. 09:55,보면 볼수록 불쾌한 영화였습니다.
10,2019.09.06. 15:49,두번 보고 싶지않은 기분나쁨
10,2019.08.25. 18:16,"관람한 지 이틀째, 생각이 끊이지 않게 해 주고 있다. 많은 화두를 던져주었다. ."
8,2019.08.19. 12:14,되게 우울함. 우울증걸릴뻔
8,2019.06.16. 02:10,아픈 곳을 계속 후벼파는 봉준호감독의 잔인함..무계획이 계획이다. 거부감 느껴지는 대사들과 배우의 행동들에 눈살 찌푸리게되는 나의 모순..안쓰럽고 한숨쉬게되는 결말 장면
10,2019.06.14. 17:41,진짜 제목처럼 기생충이다 싶었던 영화
10,2019.06.14. 16:46,재밌어요 근데 보다가 조금 찝찝
8,2019.06.09. 23:30,가정부 뭔가 분위기가 묘하게 무서워 ㅠ
10,2019.06.07. 17:55,생각하게 하는 영화입니다.
10,2019.06.06. 22:46,기분나쁘지만 마주해야하는 현실..찝찝함
10,2019.06.03. 01:14,전 가정부 등장씬부터 진짜 영화시작
10,2019.06.03. 00:41,영화가 끝나고 수석하나 받아들고 집으로 왔다.그래 수석이 자꾸자꾸 달라붙어 떼어낼 수 없는 돌덩이란걸 이제 알게되었다.
10,2019.06.02. 20:16,꿀잼인데 넘 무섭쨔냐....아.. 가족이랑 보지는 마세요좀 민망할수도? 경험담은 아님미다...
10,2019.06.01. 23:15,재밌었다. 씁쓸하고 불편하긴 하지만 시간가는지 모르고 몰입해서 본 영화
10,2019.06.01. 18:05,너무나도 아픈 직유법. 받아들이기 힘들지만 어쩌나
10,2019.06.01. 17:42,너무 현실적이라 서글픈...
10,2019.06.01. 17:05,엄청나게 찜찜한 영화입니다. 그 찜찜함이 계속 영화를 떠올리게하는군요..
7,2019.07.01. 15:40,기대를 너무 많이 한듯..
10,2019.06.19. 16:58,마음이 아프다.현실이란..
10,2019.06.14. 18:16,"상징적이면서 동시에 상징적이지 않은 영화, 봉준호 시즌2의 첫걸음."
9,2019.06.12. 20:37,이게 왜 15세야? 아무리 요즘 애들이 빨라도 그렇지..심의...
9,2019.06.09. 19:38,기분 나쁜 영화였습니...
6,2019.06.05. 14:35,보고나서 어딘지 모르게 답답한 느낌을 받은 건.. 지극히 주관적인 내 견해일 뿐임..
7,2019.06.04. 08:15,마냥 재밌다고 할 수 없는 영화
7,2019.06.02. 21:04,욕 너무 나와서 듣기 싫었음~완전 맨탈저질 맛이간 가족 이야기.기분 나뻐진 영화.재미는있어요.
10,2019.06.01. 19:50,"시간 가는줄 모르고 영화를 봤고, 보는 내내 기생충이라는 영화제목이 정말 딱이라는 생각을 했다."
10,2019.06.30. 18:14,아직 안본 사람은 걍 극장을 안가는 사람이지
4,2019.06.06. 21:18,올라가고 내려가고 난근데 별로
7,2019.06.12. 20:31,아 너무 찝찝하다 정말....
9,2019.06.10. 18:03,또 보고싶지는 않지만 진짜 한번은 봐야하는 영화
8,2019.06.05. 18:02,기대를 너무 많이했나???
6,2019.06.03. 22:39,작품성과 예술성을 떠나서 기분이 별로 좋지 않았다.
3,2019.06.17. 16:39,"그냥,,별로..재밌는지모르겠네요"
6,2019.06.08. 04:15,"기대가 컷나보다 많은 것을 생각하게 하기보다 그냥 좀 불편한 영화임, 베드(쇼파)신도 구리고 집에 외부인이 들어와 사는 설정도 신선하진 않으니까"
6,2019.06.07. 17:04,그저그런데... 뭐가 재미있다는건지
6,2019.06.10. 17:08,대한민국을 잘못소개한 영화 ~기분 영 안좋은 영화입니다.
6,2019.06.05. 19:14,초반은 블랙코미디로 보고 있었는데 잘 모르겠어...재미도 감동도 없다면 영화를 왜 봐야하지라는 생각
6,2019.06.12. 11:10,거품좀꼇다~!!@#
10,2021.04.18. 15:11,재밌어요!1
1,2019.06.06. 11:01,1위 영화라 기대를하고 본탓인가. 영화에 너무 빈틈이 많았고 불필요한 장면 또한 나온다. 현실성있는 영화라 하는데.. 부자들은 너무 멍청하고 못된 인물로 나오고 가난한사람들은 착하고 양심있는 인물로 나온다. 오히려 현실성 너무 없는 영화라 본다
10,2024.02.29. 09:30,다시 봐도 놀라운 영화.
8,2019.07.21. 11:31,뒤로 갈수록 충격적임.
8,2019.06.01. 02:15,생각이많아지다폭발했다
10,2019.06.01. 01:28,잘 만든 영화. 씁쓸한결말.
10,2019.05.31. 23:57,부엌 지하실로 갈 때... 엄청난 공포를 느꼈어요...
8,2019.08.31. 09:39,돈없음 개 z o t 같은 세상
8,2019.07.13. 12:38,생각보단 좀 별로다...
7,2019.06.12. 20:26,흔한 기호들로 구현해낸 작위적 세계
10,2019.06.03. 01:21,내 감정을 드리볼당해서 골인한듯한 영화.대박. 대작.
10,2019.06.02. 10:34,가볍게 웃으며 시작햇으나 묵직한게 끝나 여운이 남네요..
10,2019.06.02. 07:04,많은걸 생각하게끔 만드는 영화
10,2019.05.31. 10:52,와잔짜 졸잼... 작품성 연기력 정말 대단합니다...두번보세요 꼭
9,2019.11.23. 21:45,"이정은 배우님의 연기를 보며 소름이 끼쳤습니다. 대한민국에 이정은 배우님이 계시다는게 참 자랑스럽네요, 영화연출도 연출이지만 배우님의 소화력이 대단하셨다고 생각합니다"
10,2019.07.11. 14:44,항상 다른사람들 하고 같이 봐는데 혼자 오늘 봐는데 진짜 영화에 빠질수 있고 진 짜 재미 있어요 유머 굿 짱입니다
10,2019.07.11. 13:54,말이 필요없는 영화! 너무 재밌게 봤습니다.
5,2019.06.21. 14:42,글쎄여...2번보긴 힘들것같아여
6,2019.06.07. 17:15,15세가 아니고 19세였음 애들이랑 보기엔 민망했음
6,2019.06.05. 17:30,잘 모르겠습니다...
6,2019.06.02. 15:01,글쎄다..재미가 없지는 않지만..재미가 있다고 하기도 그렇고..애매하다
10,2019.06.01. 02:08,영화가 정말 치밀하게 구성되어있네요 재밋어요
10,2019.06.01. 01:29,"그냥 우리가 살고있는 모습 자체를 담은 영화.슬픈장르의영화가 아니였지만,슬픈영화였습니다."
10,2019.06.01. 00:32,2시간 동안의 빨려들어가는 몰입감
10,2019.05.31. 04:55,간만에 재밌게 본 영화 추천
10,2019.06.01. 23:02,진짜 꼭 봐야함 올해어벤져스보다더재밋게봄
10,2020.02.17. 15:54,너무 현실같아서 불쾌했다
4,2019.07.09. 07:43,와 이거 진짜 레알로다사 재미있는지 아닌지버고 판단하세너
8,2019.05.30. 12:51,봉준호의 세상을 보는 관점을 사랑한다.
8,2020.02.16. 13:13,15세이상이 볼만한 영화는 아니였음
10,2023.12.03. 22:11,여러번 봐도 재미있네요.봉준호 최고
8,2019.11.05. 13:56,상류사회의 무례함에 대해 다시한번생각하게 되는영화..그속에 섞여있어도 결국 뼛속까지 바뀌지않는다는 점이 슬펐음
10,2019.11.05. 00:15,송강호 눈빛 잊을수가 없을듯
9,2019.06.12. 12:52,평범한 가족이 함께 다 같이 관람할 만한 내용이 아닌 듯...극과 극이 너무 극명히 표현되어 있다. 많은 것을 생각하게 만드는 영화.
7,2019.06.09. 01:31,여기에서 지하철=반지하 냄새가 상징하는것은 최상위계층을 뜻하지만…아이러니한건 예전에 왠지 불쾌한듯 묘한 지하철 냄새가 지독히 싫었던 내가 우연한 기회에 파리 지하철을 다녀오고 나서는 고질병(강박관념)이 씻은듯 나았다는거. 한국의 지하철은 도서관이다.
10,2019.06.06. 18:30,지금이렇게 영화도보고 살아갈 수 있게 해주신 부모님께 감사합니다...
10,2019.06.03. 13:53,여운이 안가네요..몇일동안 헤어나오질 못하고 있습니다 하
8,2020.02.17. 16:25,
10,2019.10.17. 00:45,봉준호 영화 중 최고! 한국 영화 중 최고!
7,2019.07.11. 12:37,"갠적으로 이감독 작품은 재취향은 전혀 아니었는데, 기생충은 광고 나올때부터 뭔가 호기심을 불러일으켜 보게되었는데 역시 기대만큼 좋은 작품이었다. 기회되면 한번더 보고싶네"
8,2019.06.21. 23:45,보고나서 휴유증에시달렸지만 요즘 보기드문 귀한 영화
10,2019.06.19. 09:56,"상징과 비유의 노다지, 누군가 이미 했던 이야기를 아무도 하지 않은 이야기처럼 풀어놓은 봉감독님!"
6,2019.06.11. 01:26,"기냥 씁씁해, 웃픈 현실들 ㅁ：두"
8,2020.02.19. 09:47,초반엔 웃음코드인가 싶었던 게 뒤에 가서 보니 웃을 일이 아니었다. 배경을 입체적으로 표현해서 주제를 강화시키는 모습이 인상적이었다.
10,2020.02.17. 08:26,뒤 늦게 봤는데 몰입도가 장난 아니네요~정말 재밌어요~한번 보고 이틀뒤 또 한번 더 봤습니다.역시 최고 입니다~
8,2020.02.15. 21:22,옛날.. 반지하 살때 생각나더군요비오면 특히 장마때... 밖에 물 퍼다 나르고..왜 그때 생각 나던지... 걍 쏘주한잔 왤케 생각이..
7,2019.11.10. 17:23,다보고나니 기분이안좋아지는이유는뭘까요ㅜ
6,2019.06.10. 18:46,기분이... 안 좋아지는 영화.
6,2019.06.05. 00:52,그냥그랬어 보고나면 기분나쁘고 찝찝한 여운을 남기는 영화
10,2019.06.01. 10:26,기생충도 재밌지만 제 기준 개쩜에도 불구하고 생각보다 흥행하지 못한 봉준호 감독 '마더'도 상당히 재미있고 진짜 이 영화에 못지 않습니다. 마더 포스터만 보고 거르지 마시고 꼭 보세요... 마더는 생각 더 많아짐... 기생충도 물론 재밌어요ㅎㅎ
10,2019.06.01. 03:28,평점 처음 달아보는데 한번쯤은 꼭 봐야할 영화 인듯
8,2020.02.18. 21:01,시간가는줄 모르고 봤다. 재밌다. 보기드문 꽉찬영화. 러닝타임이 더 길었어도 좋았을듯.
10,2020.01.16. 22:33,
6,2019.11.21. 09:37,보고나서 기분이 더럽고 계속 생각나는 영화
6,2019.06.05. 21:27,불쾌하고 심지어 노숙자+지하실 냄새가 나는 기분까지...
6,2019.06.05. 20:44,공감성 수치를 많이 느껴서 영화볼때 답답하고별로인 점이 많았습니다..
9,2019.06.01. 10:36,"현존했던, 현존하는 모든 감독들 중 확실한 개성을 지닌 몇 안되는 감독같아요. 저도 박수드립니다."
10,2020.02.13. 22:48,처음부터 끝까지 다 재미있었습니다. 처음 개봉했을때는 영화가 우울하고 잔인한 스타일의 영화라해서 안봤는데 전 우울한거 없이 재밌게만 봤고 잔인한 부분도 생각보다 덜했습니다. 이 분 영화 본것들은 다 재밌고 잘만들었다는 생각이 강했어요. 지금 상받았다고 다들 보러가는듯한데 이런저런 사람 다 올거같아서 영화관은 번잡스러울거라 예상은 했으나 그 이상이었습니다. 늦게 들어 오는 사람이나 중간에 나갔다 오는 사람이 열명정도는 되었고 핸드폰 전화오는 벨소리도 다섯번정도는 울렸고 약간 떨어진 좌석에서 아주머니들 대화하는 소리 다 들렸고 멀리 떨어진 좌석이나 가까운 좌석이나 핸드폰 불빛 몇번 있었고 그냥 문 다 열고 상영하는 곳인가 했습니다. 이런거 너무 싫어하는데 이번에는 예상도 좀 했고 큰 화면으로 보고 싶었던게 커서 만족은 했습니다만 기본매너들이 너무 없네요.
4,2019.06.08. 14:11,몰입도는좀있는데 ..조금애매함 ..그냥시간때우기에는괜찮앗어요
5,2019.06.04. 12:28,흥미로운 부분이 있지만 상투성에서 못 벗어난 부분이 많다.
10,2019.06.01. 00:37,봉준호는 영화를 찍는것이아니다 예술을 찍는다
10,2019.06.05. 00:49,깐느에서 상 안 받았어도 천만은 그냥 넘겼을 작품임.
9,2020.02.17. 17:43,상 받고 한 번 더 봤어요.. 다시 봐도 명작이네요
10,2020.02.17. 06:16,21세기 필수 교양 영화 중에 하나로 세계 영화사에 남을 영화
5,2019.06.09. 01:55,생각보다는 별루 였다왜 평점이 높은지 이해가 안감
10,2020.08.02. 09:02,
10,2019.09.09. 07:11,재밌게 봤읍니다 다 연기를 잘함
5,2019.08.18. 15:41,좋았어요. 나름 재미가 있었다고 봅니다
4,2019.07.24. 16:55,호불호가 강한영화같음
5,2019.07.14. 23:33,너무 현실적입니다. 추천은...
6,2019.06.13. 08:43,그냥 블랫 코미디 중 하나
6,2019.06.10. 15:45,나는 잘 모르겠다 그냥 씁쓸한 영화이다
6,2019.06.10. 15:27,보는내내 왠지 불쾌한 영화....
10,2019.06.08. 20:43,기생충은 우리사회에 만연해 있다. 내일도 출근해서 회사에 기생해서 벌어 먹고 사는게 우리 아닌가.. 지하철 냄새 풍기면서
10,2019.06.08. 01:37,오랜만에 재밌게 잘 보았습니다
8,2019.06.06. 18:02,잘 만든 영화이지만 보고 나서 찝찝했다
5,2019.06.05. 21:55,"감독의 의도, 전달하고자 하는 메시지 이런거 생각해야하는 영화라서 저는 별로"
10,2019.06.04. 00:25,예고편을 보고 무슨내용일지 상상이 가지 않았는데 영화를 보고나니 많은 생각이 든다.
10,2019.06.03. 15:48,숙주를 놓고 벌이는 전쟁
10,2019.06.03. 09:33,생각 못한 반전 ...현실반영 재미있게 관람 했습니다!
6,2019.06.02. 13:08,15세관람가는 아닌듯....
10,2019.06.02. 07:29,속상하고 저릿저릿한 수작!
9,2019.06.02. 01:57,다들 누구한테 감정이입하고 있나요?
8,2019.06.01. 21:57,15세가 보기엔..좀잔인하네요여러생각을 가지게만든영화
10,2019.06.01. 20:42,기승전결이 너무 딱딱 맞아떨어져서 긴장감을 늦출수없었고 오랜만에 봉준호감독님 영화를봐서 좋았구 조여정에 연기력에 또한번 놀랐습니다 진짜 앤드게임보다 재밌게봤네요 먼가보고나니 멍해지는 한대얻어맞은기분이랄까요 예상치못한 전개가 관객들을 뒤통수 때린거같아요
6,2019.06.01. 18:07,"가족애에서 호러로,,"
10,2019.06.01. 06:17,집중하고 잘봤습니다황금종려상 수상축하합니다
10,2019.06.01. 03:15,빼어난 명창의 판소리를 감상한 기분이다.영화에서 리듬감이 느껴진다. 흐름에 의식이 빠르게 스며든다. 해학적인 요소가 인상적이다. 문제점은 웃긴데 마냥 웃을 수 만은 없다는 것이다...
10,2019.06.01. 01:01,많은 생각을 하게 하는 영화
10,2019.06.01. 00:34,재미있었습니다. 두번 봐야할듯
9,2019.05.31. 23:16,영화는 재미있게 봤습니다. 황금종려상? 솔직히 잘 모르겠습니다. 전문가 평점보고 문득 궁금해졌습니다. 상을 안받았어도 9점을 주었을까요?
10,2019.05.31. 20:11,이정은님 연기가 너무좋았어요
10,2019.05.31. 18:57,약간 잔인하지만 너무 좋았다. 19세 이상이면 더 좋겠다
6,2019.05.31. 18:22,보는내내 가슴이 답답함15세 이용가 절대 아님
10,2019.05.31. 15:47,넘지 못할 선.. 그리고 숨길수 없는 냄새.. 내가 어디에 속해 있는지 깨닫고 침묵하게 되는 기묘한 영화!!
10,2019.05.31. 06:29,한 장면도 놓치지 않는 장면이 없다. 다 의미있는 장면들.. 우리나라의 현실을 적나라하게 보여줘서 더 충격이었던 영화..재미+충격을 안겨준 기생충 잘 봤다.
10,2019.05.31. 02:52,코미디영화인줄 알았다가 뒷통수 맞은느낌 서스펜스 영화라고 하는게 맞을듯
10,2019.05.31. 01:49,일단 보자. 그리고 생각하자.최근 본 영화중에 가장 후회없었다
10,2019.05.31. 01:40,신선한 충격에 머리를 얻어 맞은 것 같다.전달하고자 하는 내용을 200% 표출한 것 같았고 그야말로 예술과 현실의 혼연일체였던 희대의 걸작이다.
8,2019.05.30. 18:26,글쌔요... 저는 재밋지는 않네요 와이프는 재밋다고 하구요. 호불호가 있네요
9,2020.02.18. 22:18,스토리 배우들의 연기 잘봤습니다
10,2020.01.25. 17:23,"사회 계층 구조의 단면을 하루 밤낮 사이에 일어나는 사건 단 하나만으로도 직설적인 동시에 은유적으로, 봉제선 하나 없이 매끄럽게 보여주는 감독의 솜씨. 각본과 연출이 놀라워서 사실 배우들의 연기가 가려진다는 것이 유일한 흠일 정도."
10,2019.10.17. 23:01,도대체부자가왜욕먹는지이해안감
10,2019.09.22. 20:27,여운이 많이 남는 영화
8,2019.09.14. 10:24,가난은 운명이고 무주택은 숙명 입니다
2,2019.09.12. 19:28,전 개인적으로 영화보고 찝찝한 내용
8,2019.09.07. 18:54,먼가모르게 슬프고 잼있기도하며 여러가지 생각을 하게 만드는 영화네요
10,2019.08.28. 12:03,강추입니다.쉽고무겁지않게 어렵고무거운이야기를풀어냇어요
2,2019.08.11. 14:24,딸보여줬는데...그냥 저냥 했다는...
6,2019.08.03. 23:53,기분이찝찝.애들과보기쫌...
8,2019.07.21. 09:31,상받을만한 좋은 영화입니다
8,2019.07.20. 17:42,찝찝한 결말. 기분이 안좋다
8,2019.07.14. 00:20,"상을 받을만한 시나리오와 연기에는 전혀 의심이 없습니다.그러나, 저를 포함 의외로 영화를 보고난 후 기분이 다운되는 느낌을 갖습니다. 영화가 나빠서라기 보다 그만큼 영화의 메시지가 잘 전달되었기 때문이겠지요."
6,2019.07.13. 21:10,"나름 생각이 많아지는 영화이나, 개인적으로는 아쉬운 부분이 꽤 있었다."
10,2019.07.13. 01:42,재밌고 슬픈영화. 끝나고 생각이많아지게하네요
10,2019.07.12. 11:43,어떻게 이런 생각을 할까?
9,2019.07.11. 13:13,반전에 반전인 영화였다. 마지막 결말부분이 조금 아쉬웠다
10,2019.07.11. 01:20,상영시간 내내 집중헤서 본 영화.
6,2019.06.30. 16:31,기분나쁜영화 다시는보고싶지않은영화 한번은 봐야하는영화
6,2019.06.28. 09:40,개인적으로는별로ㅎ 상탄거맞나?
6,2019.06.27. 23:00,이 영화가 제 기분을 나쁘게 하는게 목표였다면 대 성공입니다.
5,2019.06.25. 10:32,너무 기대가 커서 그런지 중반이후는 약간지루했음
10,2019.06.18. 20:30,영화 끝나고서 필라이트 맥주에 짜파구리에 소고기 넣어서 먹어봄 꿀맛임...
6,2019.06.16. 18:44,음 ... 내용구성은 재미있었지만 15세관람은 아닌듯 딸아이하고 갔는데 좀 민망했네요
10,2019.06.12. 12:49,보자마자는 무슨 영화인지 잘모르고 끕끕한 영화지만 하루 이틀 종일 생각나는영화..신선하고 재밌어요!
6,2019.06.10. 22:14,보는 내내 불편한 영화 나는 별로
5,2019.06.08. 18:47,짜파구리같은 영화(feat.beef)
9,2019.06.07. 17:16,하늘님도 해결할수 없는 빈부의 격차...보는내내 짠했어요..
10,2019.06.05. 15:36,영화 끝나고 나오면서 사람들 반응 듣는거 좋아하는데.. <기생충>은 침묵의 공공칠빵도 아니고 영화보고 나오는데 엘베 진심 고요했다..침도 못삼킴ㅋㅋㅋㅋ
10,2019.06.05. 09:19,누군가에겐 희극이 누군가에겐 비극..
8,2019.06.04. 16:14,후...보고나면 희망보단 모든 것을 극복해가는 게 나만의 숙제처럼 느껴진다..마음이 무겁고 답답하다..ㅠㅠ영화가 나에게 주는 영향이 이정도라니 놀랍다
8,2019.06.04. 01:29,영화 보고나면 속이 미식거림
10,2019.06.04. 00:58,오만가지 생각이 다 드는 영화
6,2019.06.03. 16:30,그냥저냥.. 기립박수 받을정도인가...
10,2019.06.02. 13:31,'지하철 타면 나는 냄새' 라는 대사 이후로 관객들은 더 이상 이것을 영화로 보고 마냥 웃을 수 없었다.
10,2019.05.31. 00:35,내가 본 한국영화 중 제일 재밌었음
10,2020.02.18. 18:37,되새겨볼수록 인상깊은 영화였다
10,2020.02.11. 19:23,"Academy is parasitic of ""Parasite""."
10,2019.08.28. 11:05,해외영화제에서 수상하는 작품들은 내가 영화를 볼 줄 몰라서 그런지 항상 난해하고 심오한 느낌이라 지루했었는데 기생충은 정말 충격적이었고 와닿는 좋은 영화였다.
10,2019.07.14. 08:03,19금은 아니라도 17금 정도로 상향해야...
10,2019.07.11. 19:59,황금종려상 받을만한 작품
8,2019.06.14. 06:39,"영알못인 내친구가 영화관을 나서면서, 괴물에서는 괴물이 나왔으니까 기생충에서는 기생충이 나와서 싸우는 이야기인줄 알았다고 할때 차라리 그런 영화였으면 좋았겠다고 생각했다. 상징과 비유와 대비와 미장센으로 가득찬, 작정하고 노린 칸 수상작"
8,2019.06.10. 17:52,연기를 다들 너무 잘해서 재밋었어요
6,2019.06.08. 23:34,제 취향인영화는 아닌것같아요 그저그랬음!
4,2019.06.05. 23:41,결말이 허무했어요...
10,2019.06.05. 16:33,전가정부 등장할때 완전 소름
5,2019.06.05. 14:29,어려웠다..이건뭐지~?
10,2019.06.05. 02:28,평범하게 시작해서 비범하게 끝났다
6,2019.06.03. 13:25,별루였..이게왜 영화제에서 상을받았는지 알수없었어요
6,2019.06.02. 18:34,"내용이 너무 극단적이고 자극적이고,반지하에 사는 사람들은 기분 나쁠듯...칸이 좋아할 내용이나 아카데미는 싫어 할거 같음...몰입감은 있으나 내용이 너무 비현실적이고 황당해서 6점!"
6,2019.06.02. 15:47,별 필요없는 씬으로 딸아이랑 무지 어색했네요..굳이 필요한 장면두 아닌데..
10,2019.06.02. 02:58,많은 생각이 들었습니다. 넉넉하지 못한 환경에서 자랐다면 부모님과 함께 보지 않는것을 추천해요
9,2019.05.30. 15:56,상 받았다해서 엄청 기대를 했나봄.. 생각보다는 별로인듯 그리고 역시나 난해함. 그래도 영화를 보고나서 여러 생각들이 나도록 하고 싶었다는 감독 의도에는 잘 부합하는듯. 나름 풍자와 유머를 잘 섞음
10,2019.07.11. 18:01,"폭우가 쏟아지던 날, 집으로 가기 위해 계단을 내려가도 또 내려가는 모습이 찡했습니다. 부자와 가난한 자의 삶이 그렇게 차이가 나는 것이겠지요. 가슴 아팠습니다."
8,2019.07.05. 17:52,쓸데없는데다가 야한 장면 좀 안넣었으면
6,2019.07.05. 00:27,빈부의 격차를 표현하고자 했지만 너무나잔인해서 좀 실망함
5,2019.06.12. 16:55,영화 자체는 그래 좋다. 근데 제목이 기생충이라니..왠가했다 보기전엔. 근데 영화를 다 보고 난뒤 씁쓸함은 어쩔. 영화가 끝나고 불이 켜지고 사람들이 자리에서 하나둘 일어나는데 그 누구도 말을 하지 않았다. 평범하고 가난한사람은 역시 기생충인건가
7,2019.06.04. 19:06,기대했던 것만큼 재미있지는 않았음
10,2019.06.02. 09:07,장면하나하나 대사하나하나 놓칠 것이 없고 봉준호 감독의 노력이 담겨있다. 영화를 다 보고나서야 제목이 왜 기생충이었는지 비로소 알게된다.
7,2019.11.26. 16:22,딱히 재밋지도 재미없지도 않았어요
1,2019.06.10. 16:08,사실사놓고안봄가나다라마바사
5,2019.05.31. 01:04,"일단 유명해져라, 그렇다면 사람들은 똥을 싸도 박수를 쳐줄 것이다."
4,2019.11.26. 07:24,연기는 좋았으나 영화는 별루
10,2020.03.05. 18:53,
2,2019.06.11. 23:51,감독의 의도가 무엇이든 보는내내 불쾌하고마음이 불편했다.
9,2020.03.08. 08:49,후반부가 충격적이었던 영화 ㅎ
5,2019.06.04. 03:56,봉주노패션좌파. 옥자때도 걍 고기 먹을 것 같드니 기생충은 딱 영화동아리 신입생들이 물질적 부족 없이 자라왔지만 지성인이라면 계급에 대해 말하는 게 멋있겠구나! 하는 허세감성 가자게하긴 효과적일 거 같아보이는 영화. 정직하게 걍 오락영화를 만들던가.
1,2019.05.31. 16:51,"칸에서 수상을 한 영화지만 내가 상을 주고싶진 않은 영화...내가 영화를 해석하는 눈이 없나보다ㅠㅠ 빈부에 대해, 빈자를 사회에서 보는 시각에 대해 생각하다 우울해지기만 했던 하루."
1,2019.05.30. 14:25,기대가 크면 실망도 크다
10,2025.05.03. 00:30,몇번을 봐도 느낌이 새로운 마스터피스
10,2025.04.30. 20:15,대한민국 영화 역사의 금자탑
10,2025.03.06. 14:45,한국영화역사에 길이남을 역작
10,2024.02.29. 09:30,다시 봐도 놀라운 영화.
10,2024.02.26. 12:16,이해하기 쉬운 연출이 좋았음
9,2019.11.08. 10:20,다소 불편하고 잔인한 장면들이 있어서.. 15세 관람가 인줄 몰랐네요..
8,2019.09.25. 15:30,기분찝찝한영화 별로였음 그래도 재밌게좀
6,2019.09.02. 21:30,영화가끝난후 등장인물 누구에게 감정이입을 했는지 생각해본다
10,2019.08.30. 22:30,그의 스토리는 이미 머릿속에서 완성되어 그리는 그림같다
10,2019.08.25. 15:50,가정부의 등장부터..소름돋았다
10,2019.08.15. 00:19,신선하고 재미있었습니다 지하실아저씨는 소오름
8,2019.08.10. 13:59,충격적인 영화... 가족과 함께 보기는 좀...
8,2019.08.01. 19:21,중딩 딸이랑 본걸 후회했음ㅠ
6,2019.08.01. 16:42,"우리나라의 나쁜 모습을 세계 모든사람들에게 보여주는것 같아서 마음이 무거워지는 영화였다 , 앞으로는 너무 세속적이고 난폭한영화가 아닌 고난속에서 희망깃든 진솔한 감동이 있는 영화가 제작되고 상영되길 바란다"
8,2019.07.17. 08:31,장르변경은 완전 신선하나 보고나면 뭔가모를 찜찜함
8,2019.07.13. 22:32,영화가 끝나고 드는 이 불편함은 뭘까 자꾸 생각하게 되는 영화
7,2019.06.29. 22:20,마더가 더 나은듯 그건 진짜 충격이었는데
6,2019.06.27. 11:18,처음엔 웃기고 재밌었고 신선하다가 마지막엔 영화관람하는데 약간 불편함을 느낀 영화
8,2019.06.26. 23:58,"충격적인 영화였으며,찝찝한영화"
7,2019.06.26. 23:21,황금종려상 수상작품이라 한번 봤어요. 내용이 너무 무겁네요ㅠ
9,2019.06.24. 16:23,너무 실제같아서 속상했던 영화~
9,2019.06.23. 23:26,영화가 끝나고 작품이라고 느꼈습니다.
10,2019.06.23. 19:53,재밌는데 마지막에 충격적이었다
10,2019.06.23. 19:27,재밌네요 볼만해요 역시 본준호
10,2019.06.22. 12:10,레알루다가최고의영화입니다 꼭보시길..
9,2019.06.21. 10:16,이걸 보고 나서 불쾌하고 찝찝하다면 감독의 의도가 제대로 전달된것.
9,2019.06.21. 08:06,"전반전 신나게 코믹 터치로 나가다가 후반전엔 스릴러 같은 분위기로 급전. 수직적 계급사회로 볼 수도 있지만, 인간 내면의 숨겨진 본성으로 영화를 읽어도 좋다. 대사, 배우들의 연기, 연출, 음악 모두 베리굿"
8,2019.06.20. 20:39,보는내내 불안했던영화
9,2019.06.19. 15:21,좀 충격적이였어요 영화끝나고나서도 자꾸 떠오르네요 상하층 비교가...
8,2019.06.19. 10:35,너무 잘보고 갑니다.상상력이
8,2019.06.19. 07:38,너무...기대를 많이한듯..ㅜㅜ너무..봉감독님 영화를 좋아하다보니.. 갠적으로...힝힝다른감독님 영화같았어여...ㅜㅜ
8,2019.06.18. 16:49,보는 내내 마음이 불편한 영화
9,2019.06.18. 15:30,함안댁의 연기는 정말 일품
10,2019.06.17. 20:54,사람을 벌레보다 더 벌레같이 그려놓았다
4,2019.06.16. 23:40,유쾌한 영화는 아니였어요
10,2019.06.14. 16:37,대박 재밌었습니다 ㅠ 흑흑 또바야해
10,2019.06.14. 16:19,현재의 삶에 불평하던 내가 부끄러워졌다..
8,2019.06.14. 16:15,좋은 영화라는 건 끝난 뒤 또 생
10,2019.06.14. 15:58,기대 안하고 갔는데 너무 잘 보고 왔습니다
8,2019.06.13. 16:54,몰입해서 보긴 했는대씁쓸한 여운이 남는다..19금으로 해야지 않나(?)하는 생각이 들었습니다
9,2019.06.10. 00:03,"되새김질해보면, 역하다"
8,2019.06.09. 16:07,여러모로 15세관람가는 아닌듯
6,2019.06.09. 14:33,내용이생각보다무거워요
10,2019.06.09. 00:25,연기들 진짜 잘하더라~근데 자괴감 드는 영화들이 상타기 쉬운가? 우리나라 해외 입상작들은 전부 너무 우울.
9,2019.06.08. 00:27,그냥 마음이 어수선하다
8,2019.06.07. 21:47,관람등급 바꿔주세요!!!!ㅋㅋㅋㅋ
8,2019.06.07. 21:24,보는 내내 마음이 불편했음.
8,2019.06.07. 21:02,정말 어설픈 욕대사 빼곤 잼있게봤습니다근데 왜 대상인지는 ...
10,2019.06.07. 17:40,Is it OK with you? 조여정 연기 최고!!!
8,2019.06.07. 17:39,기대만큼은 아니지만 신선한 소재였음. 올드보이에는 미치지 못함
10,2019.06.06. 22:17,반전있는영화 재밌음.. 근데 15세아님
10,2019.06.06. 21:47,불안해서 조마조마했던
8,2019.06.06. 21:31,"칸영화제 황금종려상 수상을 축하합니다. 일단 대상수상작이라 모든 면에서 골고루 뛰어난 영화라서 감히 뭐라 할 수는 없지만, 그런데 영화관람후에 왜 뒤끝이 아쉽고 답답하고 찝찝하고 여운이 영 깨운하지 않은 것은 뭐 때문인지 씁쓸하네요."
8,2019.06.06. 20:24,기생충을 보고 나오면 무언가가 자꾸 나를 짓누르는 느낌을 받는다.아마 영화가 너무 충격적이여서 그런건가 아니면 우리 현실 같아서 그런건가
9,2019.06.06. 20:14,영화를 정말 잘 만들었지만 끝으로 갈수록 기분이 안좋아지는 영화
8,2019.06.06. 16:50,"무거운재미, 몰입도는 뛰어나지만 다시보기엔 용기가 필요하다"
8,2019.06.06. 16:26,등급제한변경이필요한영화예요.자녀들과 보기엔 좀....뭔가 이해될듯말듯한 그런장르예요
9,2019.06.06. 16:23,배우들의 연기가 너무 인상적이였어요~^^생각하게 하는 영화아이들과는 보기가 민망~
9,2019.06.04. 00:31,"냄새... 감출 수 없는 안가진자에 대한 거부감, 경멸"
9,2019.06.03. 13:49,왜 내가 탁자 아래 누워있는것도 아니데 심장이 쫄깃하죠?ㅋㅋㅋ저만 그렇게 느꼈나요?ㅋ
9,2019.06.03. 11:32,영화가 묘하다. 볼 때는 괴물이나 살인의 추억만큼의 재미는 없다고 생각했는데... 보고나서 계속 생각이 난다. 꿈자리가 뒤숭숭하기도 했다. 피하고싶은 불편한 감정을 건드리는 영화인 거 같다.
9,2019.06.03. 09:25,칸영화제 최우수작품이라 기대를 가지고 첫날 예매하여 관람했습니다. 역시 수준높은 영화라 생각되고 마지막 송강호는 지하방에서 어떻게될까. 상상하는 즐거움도 주네요.
8,2019.06.03. 03:23,찝찝하다ㅜ.ㅜ묘하다 음ㅜ.ㅜ
8,2019.06.03. 01:14,기생충이 숙주를 죽인다는 사실을 그 어떤 이야기보다 영상으로 잘 표현한 영화
9,2019.06.02. 23:34,시나리오 제목이 데칼코마니. 영화를 관통하는 키워드.
9,2019.06.02. 23:31,스토리도 재밌었지만 저택이 제일 마음에 듬
10,2019.06.02. 20:46,재밌는건 인정 영화 내내 웃었다 다만 후에 ocn에서 나온다면 난 채널을 돌릴것같다.. 영화관 나올때 느낀 그 찜찜함때문에
10,2019.06.02. 20:07,기대안하고 갔는데 재밌네요ㅋㅋ한번 볼만합니다
9,2019.06.02. 19:15,보고나서 더생각나는영화 한번 더볼생각임
10,2019.06.02. 16:46,역시 봉준호 감독의 작품이다. 보는 내내 소름의 연속이였는데 또 보고 싶다.
8,2019.06.02. 14:45,한번더 봐야겠다...
8,2019.06.02. 09:11,"소재. 연기력을 통해 지루할 틈 없이 봤지만, 한편으론 안타까운 현대사회의 모습이라 마음이 편치많은 않았다.그리고 15세는 아닌듯.."
7,2019.06.02. 09:00,"재밌게 봤지만, 눈에 밟히는 구린 장면들도 있었다. 최고의 영화라고는 못하겠다 하지만 영화의 주제의식에 대부분의 사람들, 특히 요즘의 젊은 세대들이 공감할 것이다."
10,2019.06.02. 06:59,영화잘만들었네요 재밌어요ㅎㅎㅎ
10,2019.06.02. 01:36,뼈 때리다... 그래서 아프다...
9,2019.06.02. 01:27,"이정은 배우님의 연기력에 소름이 돋았습니다,,"
10,2019.06.01. 23:11,생각보다 재밋게봤음요
10,2019.06.01. 22:41,영화가 무서운걸까 영화로 꾸민 내 현실을 보게되서 무서운걸까
10,2019.06.01. 21:36,눈물을 흘리지않고도 울수있다는것을 보여준 영화
10,2019.06.01. 19:43,기대이상입니다 감사합니다
8,2019.06.01. 19:16,12세아니아니아니고.19세입니당
9,2019.06.01. 18:53,기분이 매우 더럽다너무 세심해서 현실적이다내가 본 영화 중 여운이 가장 긴 영화였다영화가 끝나지 않고 현실로 이어지는 기분이다
10,2019.06.01. 18:42,"영화를 관람하는 관객의 내면이 비치는 거울같은 영화. 이타적이고 이성적인 척 고상한 가면을 쓰지만 ,이기적이고 탐욕스러운 본성이 인간 본연의 것과 가깝다는 불편한 진실이 너무 적나라해서 불쾌하기도 한 영화."
10,2019.06.01. 16:01,애들이랑 같이 보면 안됩니다
8,2019.06.01. 15:40,몰입잘되고 지루하지않았지만 감정이입 돼서 불쾌함
10,2019.06.01. 15:39,영화에 몰입이 될 수밖에 없는 스토리와. 지하. 냄새. 키워드 하나하나가 정말 인상깊은 영화.
10,2019.06.01. 15:34,군더더기없는 깔끔한영화
9,2019.06.01. 13:16,봉준호 감독은 디테일의 장인이네요
8,2019.06.01. 08:36,호불호가 갈릿듯~~
10,2019.06.01. 03:06,내용도 연기도 좋아요.
10,2019.06.01. 01:50,끝나고 여운이 가시지 않는 영화.
10,2019.06.01. 01:40,아이이러니 혹은 패러독스에 관한 이야기를 봉준호식으로 풀어낸 이야기라고 생각한다. 스토리가 독특한 만큼이나 몰입도 최강인 점은 영화로서 으뜸가는 미덕이다. 시청후미촉각 등 감각과 연관된 해석도 가능하다.
10,2019.06.01. 01:31,상업적으로나 예술적으로나 너무완벽해 봉준호감독님께 감사드립니다
10,2019.06.01. 01:28,기대했던것만큼 너무 재밌었다^^
10,2019.06.01. 00:06,시간가는줄 모르고 봤네요~~
10,2019.05.31. 23:33,"상대방의 의견,평점 무의미. 예고편도 없이봐야하는 작품. 뒷통수 쎄게 맞은 오늘밤. 잠 다잤다,,,"
10,2019.05.31. 23:21,누군가를 보고 평가하고 비하하고 무시하고 깍아내리려고하고 상처를 주는 사람들에게 경고를 주는 영화라 생각한다.
10,2019.05.31. 21:45,"누구나 한번쯤은 상상해봤겠지만 봉준호는 실제로 해낸다.,,,, 여러모로 대단한 영화... 배우들과 감독의 모든것에 박수를 보낸다"
8,2019.05.31. 21:05,영화상을 탄건 국내에서 흥행이 안된다던데 기생충은 생각보단 재미있었던것 같은데 어딘가 모르게 아쉬운 부분이 있는것 같다
8,2019.05.31. 18:42,씁쓸하고 계속 생각날 정도로 여운이 길다
9,2019.05.31. 18:40,재밌다 해석은 둘째치더라도 복잡한 해석없이 봐도 재밌다는 점이 맘에든다
7,2019.05.31. 15:16,나는 아파트에 살지만 반지하보다 못한것 같았다
9,2019.05.31. 10:51,시나리오도 독특하고 배우들 연기 정말 훌륭했고~ 그런데 나는 부자는 아니지만 냄새에 민감한편인데 그게 무슨 죄인가? 부자들이 착하다에 한표
10,2019.05.30. 23:55,처음부터 끝까지 전혀 지루할 틈 없이 긴장하며 몰입하게 만드네요 딱 내 취향 너무 재밌었다 대박 최고
8,2019.05.30. 23:41,10년전이었으면 사흘만에 바로 내릴 영화. 가난과 양극화의 악취가 점점 심해진다. 자진 감금은 올드보이와는 또다른 의미의 단절 같다.
10,2019.05.30. 22:18,정말 놀라운 영화였다 정말 좋았다
8,2019.05.30. 22:18,배우들 연기는 모두들 훌륭했지만 보고나면 썩 기분이 좋지 않다..
10,2019.05.30. 21:33,전반은 희극 후반은 비극. 마치 경제학자가 현실을 경제 모형에 축약하여 다루듯 봉준호 감독의 사회에 대한 통찰을 상징을 통해 녹여낸 작품. 아직도 여운이라 해야 하나 이 찝찝함이 가시지 않는다 .
10,2019.05.30. 21:04,신선한 충격이었습니다
9,2019.05.30. 17:53,중간 중간 웃기기도 하고 스릴도 있지만 다 보고나면 마음이 무거워지는 씁쓸한 영화.
10,2019.05.30. 13:23,한순간도 눈을 떼기 어려움
9,2024.03.21. 14:12,몇년 후 다시 봐도 재밌는...
8,2019.11.16. 18:17,연기자들의 연기가 너무 소름끼치도록 좋았다
8,2019.11.10. 09:51,조커 웃음 계속 생각남 소름
10,2019.11.05. 20:57,스토리 탄탄하고 재미있어요.
9,2019.11.05. 00:14,1
6,2019.10.12. 20:55,"기분이 조금 마니 드러워쓴 ,,,0"
10,2019.09.25. 18:53,재미있게봤어요생각하게되는영화
8,2019.09.22. 03:14,지하철 냄새.. 반지하 냄새.. 선을 지켰다면 아마도 이러한 비극을 맞이하지 않았겠지 누구나 그럴듯한 계획을 가지지만 성공하는 법이 없는 현실
10,2019.09.14. 22:54,너무 예술성만 있을줄 알고 별 기대안하고 봤는데 넘 재미있게 봤어요
8,2019.09.06. 12:31,엄마랑 같이 봐서 좀 민망한 부분은 있었지만 좋은 작품이라고 생각해요
10,2019.08.30. 17:49,신선한 충격. 모든 감정을 느낄 수 있는 영화
8,2019.08.27. 22:18,나쁘지않음굵직하게 이어지는 스토리와 화면구성이 좋았던듯..
9,2019.08.26. 16:49,불편한 이야기를 웃으면서 할수있는사람은 많지않을것같다
10,2019.08.25. 20:37,상 받을만 하다. 다만 왜 15세인지 ...
10,2019.08.24. 18:36,음악들이 너무 고급스럽다. 가난에 대한 이야기를 하면서도 우울하고 마냥 늘어지는 게 아니라 일단 재밌습니다.
8,2019.08.10. 01:12,여러 면에서 곱씹어보고 의미도 찾아보는 재미가 있었다. 그렇지만 여러 번 또 보고 싶을만큼 애정이 가는 영화는 아니다.
9,2019.08.07. 15:54,최근 영화 중 가장 흥미롭게 봤어요~ 추천이요!
6,2019.08.01. 17:56,뭔가 찜찜하다불쾌하다
10,2019.07.21. 10:28,꼼꼼하게 챙겨볼 수록 깊은 의미를 담은 영화. 3번 봤습니다.
6,2019.07.21. 00:40,예상치 못한 반전이었어요
10,2019.07.12. 23:40,현 시대의 모든 사회적 딜레마를가장 재미있게 영화적으로 표현한 작품.그리고 이 모든 풍부함을 자막없이 볼 수 있다는 기쁨
10,2019.07.12. 23:24,15세 관람가 등급인게 신기하네요.
8,2019.07.12. 10:57,재밌게 잘봤네요..ㅎㅎ
8,2019.07.11. 10:18,재밌게 웃으며 봤으나 영화가 끝난 후 왠지 기분이 유쾌하지않았음ㅋ
8,2019.07.09. 15:53,깐느 황금종려상의 감격
8,2019.07.04. 10:54,영화상영중 전화통화를 일삼는 사람들과 큰소리로 대화를 나누는 사람들 계속 진동이 울리고 폰을 확인하는 옆자리 사람 때문에 짜증나는 상황에서도 집중하고 본 영화.
6,2019.07.02. 16:01,그냥 그런영화였던거같습니다
8,2019.07.01. 21:38,봉준호 감독의 다음작품이 보고싶다
6,2019.06.29. 16:17,나는 잘 모르겠음 내취향은 아니더라 ㅋ
8,2019.06.24. 20:30,그 냄새를 아는 나는 이해할수있는 감정이라 맘이 쓰리고 짠하고 슬펐다
10,2019.06.23. 22:55,"너무 극단적인 두 경우인데 사실,, 이게 현실이라는 게 참,, ㅠ 잼있게 보긴 했어요,, 대단하다는 생각이 들어요,,"
6,2019.06.23. 12:24,살의의추억과 플란다스의개를 기대했다면 조금 실망할수도...
10,2019.06.19. 06:29,많은 생각을 하게 만든 명작
9,2019.06.18. 13:00,"계속생각나는영화에요,,,"
9,2019.06.18. 01:16,"볼테르의 명언 중에서 이런 말이 있다. ""아무리 유익한 책이라도, 그 책의 절반은 독자가 만들어 간다."" 이 영화는 그러한 예술 매체의 본질을 아주 잘 꿰뚫고 있다. 관객들의 다양한 해석 관점이 함께 합쳐저서 구축되어 나가는 그런 영화. 엔딩은 아쉽"
8,2019.06.17. 23:47,가볍게 시작했는데 무겁게 끝났습니다
8,2019.06.17. 23:18,지하실 나오고부터 기분이 바뀐다.
10,2019.06.15. 17:57,역시 기대했던만큼 재밌습니다
9,2019.06.15. 09:50,카메라연출까지 섬세한 영화
10,2019.06.14. 22:37,너무 재미있게 잘 봤습니다. 마지막 장면마저 정확히 기억에 남을 정도로 기억에 남는 영화 한편으로는 이런 충격적으로 받아들이는 영화가 있을까 싶네요
6,2019.06.14. 14:09,많은 사람들의 좋은 호응을 받고 있긴 하지만 내겐 뭔가 틀에 짜여 있는 듯한 느낌을 지우기 어렵다...
8,2019.06.12. 09:08,모든 배우의 연기가 하나같이 좋았고 생각을 많이 하게 하는 영화입니다.
8,2019.06.10. 22:07,가난이 기생충으로 그려지는구나가족이 모여 술을 마실 때 몰려오는 불안함이 현실로 우울한 지하살이로 이어지는 ㆍ ㆍㆍ속이 상해버렸다.부자가 되겠다하지만부자가 될 수 없는 것이 보여서더 슬픈 영화
9,2019.06.10. 16:36,가족끼리 보는 영화 아닙니다.
7,2019.06.10. 15:57,영화 하녀를 살짝 볶은 느낌
4,2019.06.10. 09:53,이것저것 넘 욕심을 많이 낸 영화네요..
8,2019.06.10. 08:28,관람후 왠지 기분이 더러운건 왜일까?
10,2019.06.09. 23:45,'우리 문제에만 집중 좀 하자'는 청년과 '계획이 없는 게 계획'인 중장년은 어떻게 만들어 지는가.
5,2019.06.09. 22:41,다운타임도 길고 몰입도 안되고 작위적인 설정과 연출로 점철됨빛나는 아이디어와 몇몇 장면들에만 점수를 높게 주고 싶다
10,2019.06.09. 20:19,그래서 결국 우리에게 주는 메세지는 무엇인가요
10,2019.06.09. 01:14,소고기들어간 짜파구리 나도 먹고싶다.
8,2019.06.08. 16:34,"영화를 보면서 너무 슬펐고, 무서운 감정이 들었다. 중간엔 눈물도 나올 뻔 했다. 하지만 15세치고는 잔인한 장면과 선정적인 장면이 있어 별점을 조금 깠다!"
6,2019.06.08. 15:17,영화보는내내 답답함이 사라지지않았다....
10,2019.06.08. 09:48,"남편이랑 영화보고 토론하면서 집에 오는 동안 콧잔등 찌릿한 느낌이 오래갔는데 속에서 울컥했던건지, 한방 맞아서 시큰했던 건지 모르겠다. 파워풀한 영화였다."
8,2019.06.08. 03:16,피식피식거리는 웃음코드와 중반부부터 전개되는 스릴러는 볼만함 근데 뭔가 다 보고 나오면 찝찝할뿐
10,2019.06.08. 02:32,"영화 보는 내내 집중하게 되는 영화, 충격과 긴장감,,, 정말 스포 없이 봐야합니다!"
9,2019.06.07. 21:44,저택을 도망쳐 나와 집으로 향하는 그 길이 그렇게나 멀었을 줄이야..
10,2019.06.07. 17:28,보고나서 여운이 길게 남는다. 기분이 찜찜
8,2019.06.07. 17:11,등급조정을 해야할듯 청소년들이 보기엔 좀...
8,2019.06.07. 15:00,완성도가 훌륭한 영화라는건 분명하지만.. 보고난뒤 없어지지않는 찝찝함과 불쾌함때문에 주변에 (영화를 그닥 많이 보지않는 사람들에게) 추천은 할수없었네요
10,2019.06.07. 12:49,"전체적으로 잘 만들어진 영화, 15세 관람 보다는 19세가 맞을 듯"
10,2019.06.06. 23:43,보는 동안 지루하지않고 잘보고 갑니다.
9,2019.06.06. 20:29,송강호연기도좋았지만 이전가정부역 연기 대박소름!
9,2019.06.06. 19:28,기생충 보기 좋은 날씨다 비오는..
8,2019.06.06. 15:50,영화는 좋았으나 15세 관람가는 아닌듯
2,2019.06.06. 14:47,....이런느낌 이랄까
10,2019.06.06. 01:16,봉준호 장르의 정점에 이르렀고 곱씹을수록 떠오르는 장면이 매번 달라지는 영화 시작화면에 황금종려상 수상작이라고 뜨는 로고가 아름다웠다
10,2019.06.04. 23:51,19세..가 적당할 듯. 여하튼 상상이상으로 굉장히 좋은 작품이었음.
10,2019.06.04. 21:19,보는 내내 불편하게 만드는 영화지만 기발한 상상력에 찬사을 보냅니다. 택시운전사는 시간 가는 줄 모르고 봤는데 이 기생충은 전혀 몰입이 안되어 지루했습니다.
8,2019.06.04. 18:48,칸 수상 전에 봤다면 느낌이 달랐을까
8,2019.06.04. 18:20,애매 모호 함니다 느낌이 그저그런
8,2019.06.04. 17:05,"그냥 해석같은거없어도 영화자체로도 재밌기는 한데, 끝나고 나면 기분이 찝찝함. 흑수저는 안보는게 나을듯."
10,2019.06.04. 00:45,가정부초인종누를때 개긴장ㄷㄷ
9,2019.06.03. 23:19,"지하방에서 계획한다.하지만 송강호가 미리 말했다. 계획하지 말라고 ,밑바닥충은 하면 할수록 더 밑바닥이 되어간다. 그냥 숨만 쉬고 살아라. 그럼 유지는 된다. 목숨은 부지한다."
9,2019.06.03. 17:56,동정의 기준은 어디까지 인가
9,2019.06.03. 17:46,웃으며 보다 우울해졌다.
10,2019.06.03. 16:30,메타포로 가득찬한편의 잘 만든 소설을 읽는 느낌. 결코 유쾌하지만은 않은 현실을 봉준호감독만의 방식으로 표현했다
10,2019.06.03. 15:08,새로운 장르를 개척하는 영화입니다 한번 더 봐도 재미있을거 같은 영화는 오랜만이네요
10,2019.06.03. 14:08,무계획이 가장좋은 계획 인생은 계획한대로 가지않으니깐~ 근데 마지막에 계획을 세웠다 ㅋ참잘만들었네요!
10,2019.06.03. 09:47,불쾌하게 느껴졌던건 기택네 가족이 연교네 집에 입성한 순간부터 마치 바퀴벌레처럼 보였기때문이죠 그게 또 현실을 사는 사람들과 닮았고 극 과 극 중간이 없어요 발버둥치지만 희망도 찾을 수없고 그것이 사람들을 불편하게 한건 아닌 지 생각해봅니다
10,2019.06.03. 07:44,귀신 보다 더 무서운 사람
10,2019.06.03. 01:39,집이 물에 찼을 때 그 와중에도 송강호가 메달?챙기는게 기억에 남네요..
6,2019.06.02. 22:52,작위적인 스토리가 별로였음
6,2019.06.02. 18:00,소재가 그닥 나쁘진 않았는데...시간도 지루하지 않게 무난하게 잘갔어요.. 상을 받았다고 넘 기대를 했나싶어요.
10,2019.06.02. 15:57,안보면 후회할뻔했습니다
10,2019.06.02. 07:58,예술성과 대중성은 물론이고 근로기준법까지 완ㅡ벽
10,2019.06.02. 06:46,"관각이 빠져나갈 때,그냥 눈을 감았다.무얼 생각하고 싶어서가 아니라 그냥,영화가 전달하는 메시지를 부정하고 싶어서 일까?"
7,2019.06.01. 11:18,평도 좋고 상도 받았다고해서 엄청기대를 하고 봤는데 생각보다는 재밌는것 같기도하고 아닌것 같기도한 그런 영화였습니다
10,2019.06.01. 10:21,지루하지 않고 잘 봤어요!
10,2019.06.01. 06:00,혼자 심야에 보기 좋은 영화.
9,2019.06.01. 02:48,제일 윗층의 지하와 가장 아랫층의 반지하. 나는 어디쯤 있을까.
10,2019.06.01. 01:33,추천합니다. 쓰다보면 스포될 것 같아 말을 줄입니다.
10,2019.05.31. 19:39,왜 상받았는지 알겠더라구요 잘봤습니다
10,2019.05.31. 16:08,알고보면 우울한영화~
10,2019.05.31. 15:47,영화끝나고 지하철타고 집가려하는데 처음으로 지하철 탄 사람들 표정을 주의깊게 봤다.
10,2019.05.31. 09:46,오랫만에 영화에 몰입해서 봤달까. 예술과 상업 한쪽으로만 기울지 않아서 좋았다.
8,2019.05.31. 07:25,세번은 봐야감독의 스토리 의도를 알수 있을 것 같다. 요소요소 강한 메세지가 느껴진다 ..여운이 길다.. 조금은 힘든
10,2019.05.31. 06:04,완벽한 블랙 코미디.웃기면서 섬짓하다.
10,2019.05.31. 03:24,시궁창 냄새나는 비오는 날의 지옥에서 탈출하는 법은 돈을 버는 수 밖에 없다는 게 아닐까라는 결말에 고개를 끄덕이는 순간 삶의 괴로운 무게가 돌처럼 가슴을 짓누른다.
10,2019.05.31. 02:08,한국영화중 가장 재밌게 봤어요. 왠만한 걸작 영화는 다 봤습니다. 밀리지 않을 만큼 잘 만든 영화 입니다...봉준호 감독님 이런 좋은 영화를 만들어 줘서 감사합니다. 주말에 같이 지하에서 용쓰는 친구와 또 보러갑니다. 정말 대단한 영화입니다.
10,2019.05.31. 01:34,출연진 연기를 너무 잘해요
9,2019.05.30. 23:56,"사람들은 반지하방에서 벗어나기 위하여 사업으로 주식으로 로또로 비트코인으로 부자 될 계획을 열심히 세우지만 계획대로 되는 것은 하나 없고, 발버둥 칠수록 오히려 가난의 냄새만 점점 더 짙어져 간다. 반지하에서 지하로 추락해버린 자본주의 사회의 슬픈 꿈"
10,2019.05.30. 23:47,보통 칸 영화라 그럼 난해할줄 알았는데 이해가 잘되게 봤네요..다른 배우분들도 좋았지만개인적으로 조여정배우 강렬했네요!!마지막으로 이선균배우님 팬입니다>.<
10,2019.05.30. 21:34,비현실적이지만 너무나도 현실적이다.
9,2019.05.30. 20:20,"봉준호 감독님 또한 괴로웠던 ""뼛속을 울리는 베이스 소리."""
8,2019.05.30. 20:15,조금 무거웠지만 재밌었습니다연출력이굉장합니다
10,2019.05.30. 20:11,무계획이 계획 마음에 확 와닿네
10,2019.05.30. 20:04,아주 리얼하게 현실을 무섭게 풍자한 영화ㅡ잘 만들었네요. 가슴 갑갑할 만큼
9,2019.05.30. 18:56,웰메이드. 뭐랄까 봉감독의 전작들에 비해 많이 상징적이다. 등장 인물들도 많고. 영화보다 연극을 한편 본 느낌
10,2019.05.30. 18:02,보는 내내 불쾌했던 영화 우리 사회현실을 잘 반영하고 외면했던 어두운 것을 끄집어 냈기 때문이아닌가
9,2019.05.30. 17:56,양상은 다르지만 결국 다들 기생충이다
10,2019.05.30. 17:38,"역시는 역시, 봉준호는 봉준호였다!!"
10,2019.05.30. 17:36,역시 믿고보는 봉준호 감독님..
9,2020.01.31. 10:00,"웰 메이드 한가족 비극 영화.현실을 관통하고, 사회를 뚫는다. 결코 가볍지 않은 적당한 무게감에 잔상이 깃든다."
10,2019.12.03. 10:31,잔인하고없는자의 기생이불편함을..그럼에도 부인할 수 없는...슬픈 영화 입니다
4,2019.12.03. 09:21,잔인한 장면들이 무서웠습니다
10,2019.11.14. 23:32,비내리는 장면이 인상적이었습니다.
10,2019.11.04. 01:35,결론이 씁쓸했으나 현실을 잘 반영했다고 생각함
10,2019.10.16. 15:39,사회적 기생충이 바로 나 자신일 수도 있다는 사실에 소름이 돋으며...타인이 나를 그렇게 바라볼 수도 있다는 시선을 감지하며..오늘도 지하철을 탄다. 극사실주의 작품...너무 적나라해서 내 자신이 부끄러울 정도로..
4,2019.10.04. 09:38,너무 잘찍은 나머지 끝까지 보기 전에 지치는 영화
10,2019.09.20. 16:11,현시대를 보여주는 최고의 영화
9,2019.08.28. 03:35,많은걸 내포하고 잇네~
9,2019.08.28. 03:21,자신이 표현하고자하는 것을 상업적으로 잘 녹여내는 봉준호 감독의 장점이 확연히 드러난 영화이다. 또한 영화 곳곳에 보이는 디테일들에서 한 번 더 감탄했다.
10,2019.08.24. 06:31,역시 봉준호 말이필요없다
10,2019.07.29. 22:30,재미있으면서도 숨이 막히고상영후 자꾸 생각나게 되는 영화
8,2019.07.27. 19:02,상의 후광을 벗어내고 영화를 보면 얼마나 많은 사람들이 이 영화를 좋아할까?
9,2019.07.22. 09:02,많이 기대했는데 잼있었어요~
8,2019.07.11. 00:49,영화도 재밌지만 집에서 해석 보는게 더 재밌음
10,2019.07.10. 22:44,마지막까지 작품의 구성 안에서 놀아나는 기분이었습니다! 재미라는 차원을 넘어선 너무 좋은 작품입니다.
6,2019.07.09. 22:26,미묘해용.. 미묘해서 쩝..
10,2019.07.06. 09:02,많은 것들이 담겨있는 영화
10,2019.07.03. 12:13,볼까말까 고민중이라면 그냥 보라.
10,2019.07.03. 11:30,"흙수저는 그냥 흙수저로 살다가 죽는건가.. 내 의지로 바꿀 수 없는 '체취'라는 거, 이백퍼 공감하며 밤새 잠못든 1인 ㅎ"
10,2019.06.30. 10:43,"배우들 연기, 정말 완벽해요. 현실에서 튀어나온듯. 각자 자기 몸에 꼭 맞는 옷을 입은 것 같아요. 차 키달라고 외치며 코를 잡는 이선균, 인디언 추장모자 쓴 송강호의 표정이 모든 걸 말해줍니다"
9,2019.06.30. 04:18,나 흙수저인데 괜히 봤다
10,2019.06.25. 22:59,이 영화에서 최고의 선역이자 악역은 박서준임 ㄹㅇ
6,2019.06.18. 22:36,불편하다 영화가 시작되고 10분이 지났는데도 입장하는 이 척박한 나라에 사는것이 불편하다대한민국은 아직도 쓰레기 다
10,2019.06.18. 01:40,가난하고 불쌍한 쓰레기들을 천사로 포장하지 않는 잔인한 영화
10,2019.06.15. 22:18,봉준호 장르란게 뭔지 알겠음
10,2019.06.14. 21:12,옆자리 아저씨가 중반에 눈물을 흘리는데 마음이 울컥했다
8,2019.06.12. 17:46,"배우들의 연기와 구성이 전반적으로 좋았으나, 개인적 의견으로 스토리 전개상 무언가 조금 부족함이 남는 작품입니다."
9,2019.06.12. 12:44,130분의 러닝타임이 짧게 느껴졌습니다.
9,2019.06.10. 17:58,웃음 뒤에 남는 불편한 미소같은 영화. 그 불편한 잔상들이 아주 오래갈 것 같은 기분.
10,2019.06.10. 17:20,보면서 생각이 많아진다. 마냥 웃기진 않다
2,2019.06.10. 14:17,",..,,,충격과 그공포"
8,2019.06.10. 12:45,엄마랑봤는데 쇼파신 나오자마자 배아픈척하고 나갔어요
10,2019.06.09. 10:29,"아니 이 영화 15세 맞다. 어렸을때 너무 아름다운 것만 보고 자랐는지 커서 사회를 보며 큰 충격을 받은 적 있는데, 이 영화를 내가 어릴적 봤었다면 단련이 돼서 사회에 보다 능동적으로 대처했을 것 같다."
6,2019.06.07. 19:10,그감독에그영화....
10,2019.06.07. 16:08,본지 좀 며칠 지났지만 내용이 아직도 눈앞에 생생합니다 충격적인 영화갑..
10,2019.06.07. 13:38,이 영화는 혼자서 봐야 합니다.
10,2019.06.07. 01:56,물이라는 소재로 계층의 희비극이 바뀐다
10,2019.06.06. 23:14,"대반전과 함께 깊은 여운과 높은 완성도, 누구 하나 빠지지 않는 연기 그냥 최고"
5,2019.06.06. 12:12,기대가 크면 실망은 더 크다 기분 나쁜 영화
10,2019.06.05. 02:41,영화본 후 리뷰영상 해석영상 3일째 찾아보고있어요! 현시대에 살고있는 모든이들에게 메세지를 보내고 있어서 개인적으로 참 잘 봤다라고 생각합니다
9,2019.06.04. 12:08,"이선균과 송강호가 뒤바뀌었다고 해도, 상황은 똑같지 않았을까? 그들에게서 나는 냄새는 모두 다르지만 자본이라는 종교의 광신도임에는 차이가 없다."
10,2019.06.03. 03:18,처음 볼 땐 놀랍고 충격적이었던 장면들조차 재관람할 때에는 맥락 속에서 사무치게 슬펐다.
7,2019.06.03. 02:03,찝찝하고 불쾌하다 내가 40이라서 그런가?
9,2019.06.02. 09:05,영화가 끝난 후 관객들의 약속이라도 한듯 오랜 침묵.. 전율
8,2019.06.02. 08:51,상징적인 영화였고 송강호 연기 짱이고 재미있었습니다
10,2019.06.01. 19:07,조금 냄새가 나지만 선을 넘지만 않으면기생충들에게 관대하게 대해주는 착하신 주인분들오늘 하루도 안녕하시길
10,2019.06.01. 10:25,생각이 많아지는 영화임에 틀림없다
10,2019.06.01. 05:36,봉준호 x 송강호면 무조건 봐야하는 영화
10,2019.05.31. 12:38,박사장의 집 입구에 서늘하게 서있는 대나무가 영화의 시작과 끝을 암시한다.가슴 졸이며 웃게 되는 기묘한 장르를 탄생시킨 봉준호식 장르..
9,2019.05.31. 10:57,괴물 보다 훨씬 낫다.송강호 연기가 날로 느는거 같아.
8,2019.05.30. 20:47,"생각이 많아지는, 잘 만든 이야기입니다."
10,2019.05.30. 20:42,"보는 내내 심장이 두근거리고, 극장에서 나온 뒤 엉뚱한 지하철을 탈 뻔 할 만큼 혼란했다.지하철 개찰구 앞에서 ‘지하철 타는 사람들 특유의 냄새가 있어’라는 목소리가 들렸다. 다시는 보고 싶지 않지만 또 보고 싶다."
10,2023.09.03. 11:54,와우 재밌어요 추천합니다. 굿굿
10,2020.02.18. 22:03,ㄹㅈㄷ
6,2019.08.31. 07:31,그다지..잘모르겠다
4,2019.07.17. 08:22,다보고 나와도 어딘지 찜찜한 구석이ㅡ
10,2019.07.11. 19:52,생각이 많아지는 영화였습니다.
10,2019.07.11. 15:11,믿고보는 봉준호 감독과 송강호 콤비
10,2019.07.06. 21:47,이 사회를 너무나 적나라하게 표현했다.
6,2019.06.29. 17:32,다재밌다고해서봤는데 그냥 쏘쏘
6,2019.06.18. 16:45,글쎄요ㅠ보는 내내 불편했어요15세 관람은 절대 아닐듯
10,2019.06.16. 21:13,황금종려상 아니어도 특히 한국인에게 만점짜리 영화다. 단순 블랙코미디로 보면 큰 오산. 비오는날 시퀀스부터 폭주기관차같이 내달린다. 다 보고나면 기분이 매우 복잡해진다. 영화관 옆자리 사람들 대다수가 지하철을 타고 보러왔을 터.
4,2019.06.15. 02:27,기정과 충숙의.욕설은 억지같았고 부자연스럽다. 아버지 기택이 불편한순간 내가.더 불편했던건 감독의 의도인지 궁금하다. 개그코드는 너무 살인의추억.괴물에서 이미 했던 수법이다. 의도를 이제는 알아서그런지 잼있지 않았다.
7,2019.06.11. 22:59,캐비어로 알밥을 지은 듯한 맛
5,2019.06.11. 14:04,"글쎄...반지하, 물난리 이런건 20년전 이야기 아닌가?"
6,2019.06.10. 19:57,19금이맞는것같아요.부모님과보지마세요
10,2019.06.10. 17:53,그들의 연기력은 정말 대단했어요 영화보고난 후 많은 생각이 들었다는 점
10,2019.06.08. 00:49,박평식이 8점 줬다... 이거로 설명이 충분~^^
10,2019.06.06. 02:37,오프닝의 황금종려상 마크의 간지란!! 그러나 이 상 때문에 사람들이 '어디 얼마나 잘 만들었는지 보자!' 하고 더 덤비는 것 같다.다 제쳐 놓고 영화를 보자. 취향을 떠나서 한국 영화 중 이 정도의 완성도에 도달한 작품을 몆 개나 꼽을 수 있을까?
10,2019.06.04. 14:39,우리집도 저런 비밀공간 있으면 좋겠다
9,2019.06.01. 04:32,재밌으면서도 심오하기도하고.. 보는사람에따라 느낄수도 있을거같지만 전 재밌게 봤습니당
10,2019.05.31. 04:01,"그래, 다 실패했다. 그래도 나름 계획해서 살아보려는데 예정에 없던 폭우가 내 인생에 닥치네? 열심히 살아보려했건만! 누군가는 폭우로 집을 잃고 누군가는 공기가 상쾌해져 좋고! 사회에 불만이 쌓인다! 송강호의 마지막 행동들 난 너무 이해가더라"
10,2020.02.18. 14:20,군더더기 없는 영상 진행.뛰어난 OST.
10,2020.02.12. 20:23,스토리며 연출 말이 필요없는 영화다
10,2019.07.17. 22:46,여러모로 충격적인 영화
8,2019.06.28. 23:41,너무 기대가 큰탓일까? 허무하다
6,2019.06.10. 10:23,전 별로네요 소문난 찬치에 먹을게 없다고 하더니 볼만하진 않네요 너무 끝쪽이 극단적이고 충동적이라 황당하네요 그래도 연기자들은 연기들이 다 막힘없이 다들 잘하시네요 그리고 이게 무슨 15세관람가죠 아이들이랑 보는데 황당하네요
10,2019.06.07. 07:46,부담스럽지 않게 관람 하다가 점점 부담스럽게 불편해지는 영화
6,2019.06.07. 01:18,솔직히 기대를하고 본것치고는 재미는 모르겠네요 생각을많이하게끔은하지만 먼가 볼일보고 뒤않닦은 기분이드네요
10,2019.06.04. 13:29,불편함의 연속인거같아요
10,2019.06.04. 00:23,선균이형의 마지막 코막는 연기에 소름을 느껴버렸어요
4,2019.06.03. 23:43,제가 티켓선물을해서 친구가보고왔는데?재미가없다고하네요ㅠ 여튼 평 남깁니다~^^
5,2019.06.03. 12:04,실망스럽습니다 칸이 이정도수준인지?
9,2019.05.30. 11:26,잘 만든 동시에 재미도 있습니다
10,2023.06.26. 13:40,수직 수평 영화를 다른 시각에서 보기 시작하게 해준 영화
10,2020.02.17. 21:46,재밋엇습니다. 재빗어요
10,2020.02.15. 14:29,이걸 왜 이제사 봤을까..
6,2019.06.26. 01:28,전하려는 메세지가 그리 뚜렷하게 와닿진 않네요
10,2019.06.11. 21:18,너무 우리 스스로를 기우네 이입하지 않았으면 좋겠다 그들은 사기쳐서 박사장네 들어갔다 우리는 열심히 사는 서민들! 그들과는 다르다
6,2019.06.10. 22:04,재미 없었음 .스토리가 너무 뻔하고 신선한 맛이 없었고평범한 내용이었음
10,2019.06.06. 13:01,현실적이라 더 처절하다
10,2019.05.30. 11:21,보고 감탄한 영화는 정말 오랜만이네요...깊은 여운이 오래 갈 것 같습니다! 역시 봉준호 감독X송강호 배우 조합은 탁월하네요.
10,2020.02.12. 08:57,진실은 불편한법.불편함을 적나라하게 마주했기에 진실로 다가오는 법.
8,2019.06.04. 04:15,'재밌네' 에서 그치지 않고 조용히 생각하게끔 만드는 영화..
2,2019.06.02. 00:11,도무지 뭔지를 모르겠다.
10,2020.02.14. 14:16,상업적으로만 보더라도 너무 재밌어요. 그리고....집에 돌아오는 지하철 안에서 스스로 냄새가 나질 않나 신경쓰는 나 자신과 밀려오는 쓸쓸함....참 많은 생각을 하게 만드는 훌륭한 영화라고 생각합니다.
5,2019.06.07. 13:50,중1아들 데리고 가서 봤는데 아찔ㅠ 폭력게임 보고 나온 기분. 생명을 함부로 취급하고 부잣집에 들러붙어 사기치고~ 이게 무슨ㅠㅠ .연기자들의 실력은 훌륭했으나 보고 나오며 짜증이 확 나는건ㅡ.ㅡ;;
4,2019.06.07. 10:05,정말 기분 안좋은 내용 억지같은 설정
2,2019.06.03. 07:23,개연성에 촛점을 맞춰보면 전혀 앞뒤가 맞지 않는다. 관람 내내 억지스럽다는 생각뿐이었다. 세세한 나열은 스포일러가 될 수 있어 생략...
9,2020.02.26. 23:54,좀더 나이제한을 높이면 완벽할듯
1,2019.06.28. 16:08,불쾌하고 찝찝함만 남는 영화. 이게 왜 15세 관람가인지..
10,2020.03.11. 20:26,모든게 최고였다
2,2019.06.02. 05:58,"찜찜함과 불쾌감이 남는 영화, 여자는 증발하고 남자만 남아 사고한다. 그러나 봉감독의 한계, 투명 종이 인형 처럼 주변화 시키며 소비하는, 여성 배우들의 연기는 빛났다. 이정은 배우의 발견은 기쁨이다.봉감독에 황금종료상을 이정은 배우에겐 황금가속상!"
10,2019.05.30. 11:19,재관람 하지 않을수가 없는 영화.. 진짜 이 영화의 장르는 봉준호다
10,2025.06.15. 20:49,정말 잘 만든 한국 영화이지만 편하게 즐길 수는 없었다.
10,2025.05.06. 17:39,몇 번을 다시 봐도 정말 깔끔하고 잘 만든 명작이다
6,2025.05.03. 18:15,기생충 키링 롯데시네마 증정 때 선착순에서 갑자기 뽑기 형식으로 바꾸고...양아치그룹 같았어요.
10,2025.04.16. 17:18,미키17을 보고 나니 기생충이 더 대단해 보인다..
10,2024.11.16. 02:24,기생충영화PARASITE2019
10,2024.07.08. 16:02,영화보면서 재밌게 관람했어요.
10,2024.04.23. 22:23,보고 또 봐도 너무나 좋습니다..ㅠㅠ
10,2024.04.12. 12:24,굿.굿.굿.굿.굿.
8,2019.10.30. 22:21,재밋긴 합니다 근데 감독때문에 추천은 못함
8,2019.10.30. 14:38,현대 사회의 모습을 아주 단편적이고 픽션을 가미했겠지만 상당히 극렬하게 보여줘서 마음이 아팠다.
9,2019.10.28. 13:37,충격이다...하지만..배우들 연기 잘하고...재미있게 본 영화.
9,2019.10.22. 12:00,자꾸만 상징만 찾으려는 태도를 버린다면.
9,2019.10.19. 19:53,"적나라한 이기심과 욕망, 파렴치한 세상을 다시 영화로 다시 보면서 좀 씁쓸했다."
8,2019.10.16. 13:22,냄새라는 괜찮은 메타포 그러나 조커를 보고나니... 비교가되는건 어쩔수 없음...
8,2019.10.06. 09:13,보고썩기분좋지않은영화
9,2019.10.04. 13:40,영화 리뷰를 써야 오백원을 돌려주는 건 뭔 심보냐 그냥 줘
8,2019.09.19. 13:11,스토리 탄탄 배역 탄탄 감동까지는 안탄탄^^
8,2019.09.15. 17:03,우리의 현실을 작나라하게 보여주는 영화
9,2019.09.14. 17:36,상 받은 영화라고 내용이 난해하거나 어려운 내용이 아니라 이해하기 쉬웠고 중간에 예상치도 못한 긴장감도 있어서 좋았음
10,2019.09.14. 16:26,허이하이허이하이하이허커터터타
10,2019.09.14. 14:51,너무재미있게본 영화 다시 보고싶지만 보고싶진않고
10,2019.09.14. 14:01,너무 재밌게 보았습니다^^
10,2019.09.14. 13:45,차디찬 현실..잠시 달콤했다 차가워짐..최고
9,2019.09.10. 17:10,마음이 복잡해지는 것은.. 현실을 알아서인가
9,2019.09.09. 10:18,영화내에서도 다양한 시퀀스가 존재할 수 있다는 것을 알게되어 즐거운 경험이었습니다!
9,2019.09.09. 09:41,잘봤어요~~사회적 현실
8,2019.09.08. 03:57,재밌게 잘 관람했습니다.
8,2019.09.07. 21:44,신박한 영화 하지만 긴장감이 넘치면서도 불편한 영화
9,2019.09.07. 18:29,날 때부터 시작된 갈림길
10,2019.09.07. 17:05,"넘은 수 없는 선, 우리는 수많은 선들 사이 사이에서 살아간다."
8,2019.09.07. 09:47,그럭저럭 볼만했어요. 기대보다는~~
10,2019.09.06. 16:35,스릴넘치고 흥미진진하고 슬프고 재밌는영화
10,2019.09.06. 05:22,재미있게봤습니다 추천
6,2019.09.02. 09:28,없는 게 죄는 아니지만 왜 없는지는 알겠다. 아이가 제일안타까움.
8,2019.08.31. 22:08,의미를 찾는 영화같아요. 현사회의 문제를 반영한 볼만한영화
8,2019.08.30. 14:28,보기 전에 너무 많은 감상평으로 영화 원래 의도를 오롯이 느끼지못한게 아쉽
10,2019.08.28. 08:34,긴장감에 영화보는내내 눈을 뗄수없었어요~~강추합니다~~^^
8,2019.08.15. 06:05,시간 가는 줄 몰라서 좋았다~^
10,2019.08.12. 16:53,계급을 보게만드는영화라 참씁쓸하네요몰입도 좋고 역시 잘만든 영화네요
8,2019.08.10. 12:20,감정에 앙금처럼 남는게있는 영화다...
8,2019.08.10. 10:43,뭔가 여운이 남는 영화한번씩 생각하게 된다
10,2019.08.10. 09:38,마지낙이 강렬하게 남아요
8,2019.08.09. 23:57,2번 봤는데 잘만든 영화라고 생각합니다~ 지하의 종북세력이라는 설정이 뭔가 정치적인것 같기도 하지만요~~
10,2019.08.09. 19:20,은유와 상징 디테일을 영화 본후 다시 찾고 생각하게 하는 영화~
10,2019.08.09. 19:16,볼때도 재미있었고 보고나서도 생각이 많이 들게 하는 영화
6,2019.08.06. 15:12,참 슬픈 내용인 것 같음.
6,2019.08.06. 11:37,애들 관객까지 동원하고 장기간 상영해서 1000만 관객 채우느라 고생했다. 천만 타이틀 따니까 좋니? 꼼수에 박수를.
6,2019.08.02. 13:41,난 별루~ 니 마음속의 별루~
8,2019.08.01. 13:46,"생각이 많아지는 영화!!기택이네 식구들이 돈을 벌기 위해, 물질적으로 부유하지 못해도 자신의 자리에서 최선을 다했던 사람들을 몰아내기 위해 벌이는 불법이나 음모가 영 불편하다."
8,2019.07.31. 12:48,재밌었지만 기대를 많이 했죠ㅜ
9,2019.07.30. 01:40,오랜만에 본 영화인데 재미있게 잘 봤어요~
7,2019.07.29. 19:42,"살인의 추억, 괴물, 기생충...봉감독은 사고를 치면 아주 크게 치는구나...(좋은면으로!)"
8,2019.07.24. 21:51,캐스팅이잘되었고 긴장감흥미 스릴 영화가종합예술임을 잘보여준작품
6,2019.07.23. 20:34,뭔가허무한느낌...주인공들의연기는소름끼칠정도로완벽
8,2019.07.23. 09:54,봉감독 살인의추억 이후로 꼽습니다
8,2019.07.22. 08:02,가음에 돌을 얹은듯한 느낌./.
8,2019.07.21. 11:40,찜찜하오 연기는잘하드라
8,2019.07.21. 08:20,모든생활에서 공유도는 기생충삶 ㅠㅠ현실이다
8,2019.07.13. 20:26,"위트있는 대사가 계속 나오는데 맘 편하게 웃을 수가 없었다. 아무 계획 없이 사는 것에 대한 송강호의 대사에 마음이 찔리고, 나는 저들 사이 그 어느 쯤에 있는걸까 생각하다가 아찔한 생각만 들 뿐이었다. 영화를 보고 길거리에 앉아있는 노숙인이 두려웠다"
8,2019.07.12. 20:41,너무 충격적인 결말... 청소년이 보기에는 좀... 그래서 8점...
9,2019.07.02. 15:57,보고나서 되게 찝찝...
9,2019.06.30. 20:51,계획대로 되지 않을 것이다
10,2019.06.30. 20:29,"그럴 수밖에 없는, 그 누구도 탓할 수 없으면서도 어떠한 해결책도, 올바른 가치관도 해석해 낼 수 없어서 괴로운 영화였습니다. 어느 누군가에게는 더 잘살고 싶은 욕망을, 정의를 향한 의지를, 빈부에 대한 분노표출의 정당함을. 지필 수 있어 위험한 영화"
8,2019.06.29. 17:02,볼만함 결론이 씁쓸함.
6,2019.06.29. 14:46,여러가지로 해석할수 있는 결말이예요
10,2019.06.27. 18:09,정말 영화제목이 딱 어울리는 영화ㆍ생각지도못한 스토리 전개ㆍ재밋다ㆍ신선한소재
6,2019.06.27. 11:18,볼만해요 ~~~나름~
8,2019.06.27. 03:25,행복은 마음먹기 나름인줄 알았는데...차원이 다른건가?
7,2019.06.26. 17:55,보고 나서 기분이 별로 좋지 않았음.
8,2019.06.25. 19:44,내가 이해하기엔 너무 큰산인건가
4,2019.06.25. 16:35,찝찝함이 남는 영화 내 냄새를 괜히 맡게 되는 그리고 수위조절을 실패한듯
8,2019.06.25. 13:00,위와 아래를 구분 짓는 경계에서 아슬아슬한 줄타기가 영화 내내 느껴졌고 마지막엔 무기력함을 느꼈다
9,2019.06.24. 15:34,집에 돌아와서 리뷰를 쓰려고 했는데 감정이 주체가 되지 못해서 노트북을 덮었습니다.
8,2019.06.24. 14:05,22금으로 해주세요. 영화는 좋아요
10,2019.06.23. 23:39,기분나쁘게 재미있다. 사회적 불평등을 표현하는 장면이 기분나쁘지만 몰입하게 만드는 재미가 있었다
10,2019.06.23. 23:30,그렇게 갈망하고 원하던 것에 대한 욕심의 댓가로.. 가지고 있던 것조차 잃어버리게 된 참담한 현실.. ㅜㅡ
10,2019.06.23. 20:08,재밋음니다재밋음니다ㅁ
9,2019.06.23. 19:54,많은 생각을 하게 만드는 영화인 것 같아요. 추천합니다
10,2019.06.23. 19:14,세상은 기생충과 숙주로 되어있다.
9,2019.06.22. 12:18,정말 나는 기생충이였나..?
10,2019.06.22. 12:11,칸이 선택한영화 너무 재밌네요
10,2019.06.22. 11:50,기발한생각의 봉준호감독..대단합니다
10,2019.06.22. 11:34,오묘한 감성의 영화 재밌었습니다 !
8,2019.06.22. 08:28,끝없이 내려가는 계단에서 마음속 어딘가가 묵직하며 뭔가 모를.. 씁씁함이... 아! 그리고 아버지와 함께 봤는데.. 조금 민망한 순간이 ^^;;;
8,2019.06.22. 00:20,재밌어야 보는 거 아닌가 ? 그걸로는 만점!
8,2019.06.21. 22:43,보는 내내 킥킥거리게 만드는 즐거움은 있었지만 뭔가 찝찝한 기분이 계속 들게 만들었다. 계획이 있어야 된다는건 결국 내가 어떤 삶을 살아야 겠다는 생각이 있어야 되는거겠지요.
10,2019.06.21. 12:01,예상할 수 없는 서사 전개! 정확한 계산에 의한 서사의 효과! 단순한 결말이 아닌 깊은 성찰을 요구하는 결말! 웃음과 긴장과 비판적 성찰을 모두 유발하는 봉준호라는 장르 영화!
10,2019.06.21. 11:40,시간 가는 줄 모르고 본 영화. 진심 한번 더 보고 싶게 만드는 영화임
8,2019.06.21. 11:39,돈과 시간이 아깝지 않은 영화. 영상미가 특히 좋았다.
10,2019.06.21. 11:37,속이 쓰린 영화 / 친절하고 쉽게 어려운 이야기를 전달하는 영화.
10,2019.06.21. 11:03,미제 인디언 텐트의 승! ㅋㅋ
10,2019.06.21. 10:43,예술 영화의 묵직함과 오락 영화의 유쾌함이 공존한다. 믿고 보는 봉준호.
10,2019.06.21. 08:45,오랜만에 좋은영화~!!
8,2019.06.21. 06:49,배우 이정은 님의 재발견
9,2019.06.21. 00:33,보다가 내가 쫄려서 못보겠는 영화
10,2019.06.20. 20:00,등급조절은 조금 필요한것 같습니다.
8,2019.06.20. 13:29,등급올려야겠어요.15세는...아니네요
9,2019.06.19. 18:01,반지하가 제일 아래인줄 알았다. 내려가보니 지하도 있었다.
10,2019.06.19. 17:32,완벽한 영화 였다. 정말.
9,2019.06.19. 14:48,보는 내내 마음 졸이며 봤다~~
8,2019.06.18. 15:04,영화제 상도 받았는데 재미도 있어요.
8,2019.06.18. 14:41,너무 현실적인 이야기에 이어서 일어나는 믿기지 않는 마지막 활극...
10,2019.06.18. 14:18,생각하게 만드는영화임...
10,2019.06.18. 11:40,너무너무 잼있게 잘 보았습니다! 참 생각이 많아지는 영화! 중간에 너무 쫄깃쫄깃 해서 심장이 터지는 줄 알았어요
10,2019.06.17. 21:47,역시 대왕 카스테라가 문제다
8,2019.06.17. 20:20,"현실 생활속에서 발생한다면 너무 끔찍한 사건이지만 예술작품이라 이해가 되면서 또 매우 신선한 영화라고 생각한다 . 영화속 두가지 면으로 모든것을 비교상징적으로 표현을 한것처럼, 보고 나서 계속 현실 또는 상상으로 머리속에서 마구 떠돌아다니고 있다. 굿"
8,2019.06.17. 20:13,살인의추억>마더>괴물=기생충
6,2019.06.16. 23:39,충격적인 영화였네요.
8,2019.06.16. 20:38,정원파티 장면에 리얼리티가 좀 아쉽지만 영화적 연출은 시선을 끌만했던 영화다감독의 메세지는 뭘지..??
9,2019.06.16. 20:08,다 좋았지만 은근 지루했습니다
10,2019.06.16. 19:01,우선 디테일면에서 인정할수밖에없었고 지하냄새 못사는사람들의 열등감 그외 지금 사회와 맞게 떨어지는 현상들이 결코 팩트가아니라는게 엄청 무서웠다..
10,2019.06.16. 01:41,와 두번봐도 존잼이네요
8,2019.06.16. 00:28,갑자기 장르가바껴서 놀람;;그리고 이건 청불인듯ㅜ
10,2019.06.15. 16:26,너무 재미있게 잘 봤습니다.
10,2019.06.15. 16:24,좋았고 또 좋았습니다!내용을 곱씹으면 곱씹을수록 더 생각이 많아지는 영화...
8,2019.06.15. 16:15,재미있지만 찝찝한영화
10,2019.06.14. 14:58,변기 물에 빨려 내려가듯 집을향해 밑으로 내려가는 가족들의 모습이 인상적이었다. 결국 똥물을 뒤집어쓰게 되었던 가족들..
10,2019.06.14. 14:02,흥행과 예술을 겸비한 영화네요너무 몰입해서 봐서인지 여운과 후유증까지 남기는 영화
10,2019.06.14. 13:17,선을 넘는 것을 가장 싫어 한다는 대사..결국에는 넘어 버린 선..희망도 뭣도 없다 ㅠㅠ
8,2019.06.13. 21:23,영화를 보다가 19금인줄알고 깜짝놀랬다 내용과 맞지않는 뜬금한 장면이엇다 당황스럽다냄새 . 향수 챙겨다녀야겠다
8,2019.06.13. 18:38,인생을 행복하게 살수 있는 근복적인 해결책은 행복의 기준을 잡는 것에서부터 시작된다.
8,2019.06.13. 17:20,중후반부까진 재밌고 결말은 호불호갈리는 영화
7,2019.06.13. 15:02,다소 충격적이고 씁쓸한 블랙코미디
7,2019.06.10. 12:15,많은 생각이 들게하는 영화이긴한데 ..너무 이슈화 된듯
6,2019.06.10. 11:54,음...무기력해요.
8,2019.06.10. 00:10,현타오는듯 안오는듯 잘보다가 마지막 몇분땜에 멍하다
7,2019.06.09. 13:54,그저그랬어요 저는 코메디+스릴러 같은 느낌이었네요
8,2019.06.07. 22:33,초반엔 가볍게 가다가 후반 갈수록 무겁네요..15세가 보기엔 충격적인듯해요..씁쓸한 현실과 비현실적인 모습들이 있네요
8,2019.06.07. 21:14,약간 난해하고 약간 불편한 영화. 한가지 더 등급 조정은 시급해보입니다.
9,2019.06.07. 17:55,잔인해서 보다는 행동하나하나가 소름끼치는 느낌이 드는 영화
10,2019.06.07. 17:37,여러가지로 충격적이였던 영화.
10,2019.06.07. 16:56,새로운 기생충이 기존의 기생충과 서로 죽고 죽이며 싸우다가 숙주까지 죽이고야 마는 내용
8,2019.06.07. 13:34,재밌지만 기분이 별로인...굳이 그렇게까지 잔인하게 했어야 할까...
6,2019.06.07. 04:32,연출은 좋았으나 중간중간 굳이? 라는 장면이 몇개 있었음
9,2019.06.06. 23:52,아귀 다툼이 벌어지는 현세지옥
5,2019.06.06. 22:59,재밌네요 재미점수 삼점
9,2019.06.06. 22:22,이걸 보면서 별 생각없이 웃어재낄 수 있는 사람이 과연 몇이나 될까?
7,2019.06.06. 22:11,탈룰라식 어메리칸 개그와 블렉코미디가 서양의 관점에서 고평가 받은듯.. 개인적으론 봉감독 영화중 최고는 아니라고 본다.
6,2019.06.06. 15:45,생각했던것보다 좀 더 무거운영화였습니다. 15세가 아닌 청불로 바꿔야하지 않을까 싶기도 하고 보는 내내 왠지모를 불안한마음으로 봐서 평점 낮게드려요.
10,2019.06.06. 14:46,부자라서 착하고 구김살이 없다 돈이 다림질을 쫘악 해주니까 ~
8,2019.06.06. 14:25,씁쓸하지만 현실적이네요
10,2019.06.06. 14:23,재밋엇어요 또 보고싶네용
10,2019.06.06. 14:21,행복은 나눌수 있는거잖아요.. 재밌었어요.. 강추입니다
8,2019.06.06. 14:04,보고나면 기분이 이상해지는 영화
8,2019.06.06. 01:17,20돈이 잘못했네..
8,2019.06.05. 22:32,취향에따라호불호가있는거같음
8,2019.06.05. 22:28,생각보다는 실망이지만 볼만합니다
9,2019.06.05. 21:43,기분이 좀 띵 한것이 모호하네요....
8,2019.06.03. 19:01,아 부자인삶 못사는삶은 언어쓰는 자체도 다르고 아무리노력해도 올라갈수는 없다 그거 보여준 느낌이네요
10,2019.06.03. 15:38,메타포가 생각보다 직설적이어서 더욱 불편하다
10,2019.06.03. 14:26,혼자 봤으면 현타맞고 집에서 소주깠을듯
10,2019.06.03. 14:14,먼가 색다른 영화 블랙코미디
10,2019.06.03. 13:48,공감대 스펙트럼이 넓은 영화라 흥행하나봐요 색다른 전개가 즐거웠습니다
10,2019.06.03. 13:36,훌륭한 영화입니다. 여운이 많이 남네요
8,2019.06.03. 13:10,"예술에 조예가 깊지 않아 잘 모르지만, 정말 기괴하면서도 처참했고, 세상의 모순, 빛과 어둠의 경계 같은 것들을 관객으로 하여금 스스로 생각하고 읽어내게 만드는 힘이 있었습니다. 그리고 이정은 배우님, 꼭 이 영화로 하여금 좋은 결과 보시길 바랍니다."
8,2019.06.03. 11:28,찜찜한 기분이 들어서 개인적으로 좋지는 않았습니다 ㅠ ㅠ
8,2019.06.03. 10:03,보고나서 너무 찝찝한영화
10,2019.06.03. 09:54,정말정말 재밌게 봤지만 괜히 본 기분이 드는 영화ㅠㅠ
8,2019.06.03. 01:21,장르 영화로서 느끼는 재미가 크다. 변환점이 생기는 지점의 아이디어에 놀라움을 느꼈다. 지금 이 시기에 개봉한 영화 중에 최고라고 할 순 없지만 아주 재미있게 본 영화다.
10,2019.06.03. 01:13,가볍게 보고 나왔다가 감상평 읽어보고 마음 무거워짐
8,2019.06.03. 00:39,다시 한 번 보고싶다. 새롭게 와닿을 듯...이정은씨의 연기가 놀라웠다.
9,2019.06.03. 00:39,정말재미있습니다요.
8,2019.06.02. 23:27,가슴을 울리는 감동은 아니지만 귀갓길에 가슴에 돌덩이 얹혀놓고 각자 얹힌 돌의 무게를 측정하게 만드는 영화와~~나는 참 무겁네ㅠㅠ
8,2019.06.02. 21:43,재이있게 봤는데 끝이 뭔가 찝찝 하네
10,2019.06.02. 20:57,봉준호 감독의 새로운 예술영화 한 획
8,2019.06.02. 20:50,처음엔 웃으면서 봤는데 점점 우울해지는 영화였다.
8,2019.06.02. 20:41,구정물 처럼 살고있어서 안타깝네요ㅠ
10,2019.06.02. 20:16,사실적이고 슬픈현실..풍자적이며 ..섬세한 봉준호다운 영화였음
9,2019.06.02. 20:13,연출이란 이런 것이구나. 제목은 정말로 생각할수록 잘 지었다.
10,2019.06.02. 20:11,박서준의 나비효과ㅠ송강호의 무계획 대사가 너무 와닿았지만 그래도 난 끊임없이 계획하고 살련다
8,2019.06.02. 19:28,매우 재밌고 영화 후반부로 갈수록 우울하다
8,2019.06.02. 18:52,왠지모르겠지만 조여정의 매력의 흠뻑 빠졌습니다.
9,2019.06.02. 17:48,봉준호 감독님 리스펙~트!
10,2019.06.02. 17:04,상업적으로도 훌륭한 영화
9,2019.06.02. 16:59,생각하게 만드는 풍자영화
10,2019.06.02. 16:48,재밋어요~~ 학생이 보기엔 좀....
8,2019.06.02. 16:41,시간 가는 줄 모르고 보았음. 예상치못한 스토리 흐름이 볼만 했음.
10,2019.06.02. 13:50,장르가 봉준호다...
10,2019.06.02. 11:38,감독의 천재성이 엿보인 영화. 보는사람의 시선과 생각에 따라 달라짐
8,2019.06.02. 10:38,재미있었어요~~ 근데 생각보다 잔인.. 그리고..흠.. 생각이...
10,2019.06.02. 08:24,많은걸 생각하게 하는영화
10,2019.06.02. 01:37,알고 있었지만 애써 외면하려 했던 것들이 적날하게 내 뇌를 사로잡았을때의 패닉. 근래 이런 영화를 본 적이 없다고 확신한다.
8,2019.06.01. 23:16,큰기대안하고봤는데 재밌었어요.
8,2019.06.01. 23:02,재밌긴한데 막판에 너무 잔인했어요
10,2019.06.01. 23:02,연기 개잘해진짜.. 이정은씨 미쳤음
10,2019.06.01. 22:43,기분더러운데 재밋어요 ㅋㅋㅋㅋ
9,2019.06.01. 21:50,"가난은 수치가 아니지만, 명예는 절대 아니다."
10,2019.06.01. 21:34,기생충은 영화를 보고 있지만 잘 묘사된 책을 읽는 느낌이었어요!. 영화의 지나간 한 컷 한 컷이 너무나도 친절했습니다. 영화보실때 책 읽는 느낌으로 보시면 더 재미있을 것 같아요!!
8,2019.06.01. 20:52,봉준호감독의 예리한 사회질타
10,2019.06.01. 20:51,마음이 무거워지는 영화..
8,2019.06.01. 20:35,슬프면서도 무섭고 가슴이 두근거리고ㅠㅠ두번은못보겠어요 충격적..
10,2019.06.01. 19:53,보고나니 나의 상황을 돌이켜보게 되네요
10,2019.06.01. 19:49,"어두운 사회현실을 유쾌함과 극대화된 영화속 인물과 상황을 통해 조명해준다,, 영화니까 담을 수 있는 이야기겠지? 생각했다가.. 영화만큼, 혹은 그보다 더 잔혹한 현실에 대한 뉴스나 주변의 사회의 모습들이 떠올라 씁쓸함이 들었다"
8,2019.06.01. 18:52,영화는 잘 만들었으나 뭔가 불편함이 일어난다.
10,2019.06.01. 18:29,꿀잼 확실. 반전은 진짜다.
10,2019.06.01. 18:00,"극 초반 부자집으로 우루루 침투(?)하는 과정이 조금 황당스럽게 느껴졌어요^^스릴러 영화도 아닌데, 영화보는 내내 긴장하면서 봤답니다!"
10,2019.06.01. 17:44,꿀잼이었고반전소름쩔어용
8,2019.06.01. 16:25,영화를 보고 난 후 지금 당장은 머리 속이 복잡해 말을 고르게 만드는 영화
10,2019.06.01. 16:00,칸 황금종려상 수상작다운 생각하게 하고 놀라운 영화. 다 보고나서 더 많은 이야기를 나눌수 있는 영화네요.
10,2019.06.01. 15:34,재밌었고 몰입해서 봤습니다.
8,2019.06.01. 13:59,"황금종려상 수상작이어서 너무 큰 기대를 가지고 봐서였겠지만, 또한 저의 취향도 있겠지만괜찮게 만든 영화 정도였습니다."
8,2019.06.01. 13:14,딱 봉준호 스타일이라는 느낌분위기 연출
10,2019.06.01. 13:08,평점보고 고민했었는데 보길 잘한거 같아요
10,2019.06.01. 13:06,어렸을 적 반지하 살았던 입장으로..
10,2019.06.01. 12:48,2시간이 훌쩍 지나갈만큼 재미있게 봤어요
10,2019.06.01. 12:39,'삶이란 농담이다' 그러니 그저 살아갈 수 밖에 없지 않은가.
8,2019.06.01. 11:27,"옷이, 집이, 직업이 바뀌어도 빠지지 않는 그 퀴퀴한 냄새."
